K,n_experiment,delta,instance_type,env,agent,success_rate,reward_array,mean_stop_times,std_stop_times,forced-stop,count_exceed_stop,count_success
10,1000,0.001,Linear,Environment_Gaussian,HDoC_Kano,1.0,"[0.35       0.38333333 0.41666667 0.45       0.48333333 0.51666667
 0.55       0.58333333 0.61666667 0.65      ]",5882.544,72.28276430840205,100000000.0,0.0,1000.0
10,1000,0.001,Unique_Qualified,Environment_Gaussian,HDoC_Kano,1.0,[0.5  0.5  0.5  0.5  0.5  0.5  0.5  0.5  0.5  0.65],4994.612,50.69471603092378,100000000.0,0.0,1000.0
10,1000,0.001,OneQuarter_Qualified,Environment_Gaussian,HDoC_Kano,1.0,[0.65 0.65 0.5  0.5  0.5  0.5  0.5  0.5  0.5  0.5 ],5134.153,52.84715242651206,100000000.0,0.0,1000.0
10,1000,0.001,AllWorse,Environment_Gaussian,HDoC_Kano,1.0,[0.25 0.25 0.25 0.25 0.25 0.25 0.25 0.25 0.25 0.25],7506.45,24.10398517880394,100000000.0,0.0,1000.0
10,1000,0.001,AllGood,Environment_Gaussian,HDoC_Kano,1.0,[0.65 0.65 0.65 0.65 0.65 0.65 0.65 0.65 0.65 0.65],7217.573,83.34155200541325,100000000.0,0.0,1000.0
10,1000,0.001,HalfGood,Environment_Gaussian,HDoC_Kano,1.0,[0.65 0.65 0.65 0.65 0.65 0.5  0.5  0.5  0.5  0.5 ],5839.721,64.48814040704694,100000000.0,0.0,1000.0
150,1000,0.001,Linear,Environment_Gaussian,HDoC_Kano,1.0,"[0.35       0.35201342 0.35402685 0.35604027 0.35805369 0.36006711
 0.36208054 0.36409396 0.36610738 0.36812081 0.37013423 0.37214765
 0.37416107 0.3761745  0.37818792 0.38020134 0.38221477 0.38422819
 0.38624161 0.38825503 0.39026846 0.39228188 0.3942953  0.39630872
 0.39832215 0.40033557 0.40234899 0.40436242 0.40637584 0.40838926
 0.41040268 0.41241611 0.41442953 0.41644295 0.41845638 0.4204698
 0.42248322 0.42449664 0.42651007 0.42852349 0.43053691 0.43255034
 0.43456376 0.43657718 0.4385906  0.44060403 0.44261745 0.44463087
 0.4466443  0.44865772 0.45067114 0.45268456 0.45469799 0.45671141
 0.45872483 0.46073826 0.46275168 0.4647651  0.46677852 0.46879195
 0.47080537 0.47281879 0.47483221 0.47684564 0.47885906 0.48087248
 0.48288591 0.48489933 0.48691275 0.48892617 0.4909396  0.49295302
 0.49496644 0.49697987 0.49899329 0.50100671 0.50302013 0.50503356
 0.50704698 0.5090604  0.51107383 0.51308725 0.51510067 0.51711409
 0.51912752 0.52114094 0.52315436 0.52516779 0.52718121 0.52919463
 0.53120805 0.53322148 0.5352349  0.53724832 0.53926174 0.54127517
 0.54328859 0.54530201 0.54731544 0.54932886 0.55134228 0.5533557
 0.55536913 0.55738255 0.55939597 0.5614094  0.56342282 0.56543624
 0.56744966 0.56946309 0.57147651 0.57348993 0.57550336 0.57751678
 0.5795302  0.58154362 0.58355705 0.58557047 0.58758389 0.58959732
 0.59161074 0.59362416 0.59563758 0.59765101 0.59966443 0.60167785
 0.60369128 0.6057047  0.60771812 0.60973154 0.61174497 0.61375839
 0.61577181 0.61778523 0.61979866 0.62181208 0.6238255  0.62583893
 0.62785235 0.62986577 0.63187919 0.63389262 0.63590604 0.63791946
 0.63993289 0.64194631 0.64395973 0.64597315 0.64798658 0.65      ]",51683.219,437.12580291151767,100000000.0,0.0,1000.0
150,1000,0.001,Unique_Qualified,Environment_Gaussian,HDoC_Kano,1.0,"[0.5  0.5  0.5  0.5  0.5  0.5  0.5  0.5  0.5  0.5  0.5  0.5  0.5  0.5
 0.5  0.5  0.5  0.5  0.5  0.5  0.5  0.5  0.5  0.5  0.5  0.5  0.5  0.5
 0.5  0.5  0.5  0.5  0.5  0.5  0.5  0.5  0.5  0.5  0.5  0.5  0.5  0.5
 0.5  0.5  0.5  0.5  0.5  0.5  0.5  0.5  0.5  0.5  0.5  0.5  0.5  0.5
 0.5  0.5  0.5  0.5  0.5  0.5  0.5  0.5  0.5  0.5  0.5  0.5  0.5  0.5
 0.5  0.5  0.5  0.5  0.5  0.5  0.5  0.5  0.5  0.5  0.5  0.5  0.5  0.5
 0.5  0.5  0.5  0.5  0.5  0.5  0.5  0.5  0.5  0.5  0.5  0.5  0.5  0.5
 0.5  0.5  0.5  0.5  0.5  0.5  0.5  0.5  0.5  0.5  0.5  0.5  0.5  0.5
 0.5  0.5  0.5  0.5  0.5  0.5  0.5  0.5  0.5  0.5  0.5  0.5  0.5  0.5
 0.5  0.5  0.5  0.5  0.5  0.5  0.5  0.5  0.5  0.5  0.5  0.5  0.5  0.5
 0.5  0.5  0.5  0.5  0.5  0.5  0.5  0.5  0.5  0.65]",58474.51,538.8551149092862,100000000.0,0.0,1000.0
150,1000,0.001,OneQuarter_Qualified,Environment_Gaussian,HDoC_Kano,1.0,"[0.65 0.65 0.65 0.65 0.65 0.65 0.65 0.65 0.65 0.65 0.65 0.65 0.65 0.65
 0.65 0.65 0.65 0.65 0.65 0.65 0.65 0.65 0.65 0.65 0.65 0.65 0.65 0.65
 0.65 0.65 0.65 0.65 0.65 0.65 0.65 0.65 0.65 0.5  0.5  0.5  0.5  0.5
 0.5  0.5  0.5  0.5  0.5  0.5  0.5  0.5  0.5  0.5  0.5  0.5  0.5  0.5
 0.5  0.5  0.5  0.5  0.5  0.5  0.5  0.5  0.5  0.5  0.5  0.5  0.5  0.5
 0.5  0.5  0.5  0.5  0.5  0.5  0.5  0.5  0.5  0.5  0.5  0.5  0.5  0.5
 0.5  0.5  0.5  0.5  0.5  0.5  0.5  0.5  0.5  0.5  0.5  0.5  0.5  0.5
 0.5  0.5  0.5  0.5  0.5  0.5  0.5  0.5  0.5  0.5  0.5  0.5  0.5  0.5
 0.5  0.5  0.5  0.5  0.5  0.5  0.5  0.5  0.5  0.5  0.5  0.5  0.5  0.5
 0.5  0.5  0.5  0.5  0.5  0.5  0.5  0.5  0.5  0.5  0.5  0.5  0.5  0.5
 0.5  0.5  0.5  0.5  0.5  0.5  0.5  0.5  0.5  0.5 ]",41646.976,356.22819854332704,100000000.0,0.0,1000.0
150,1000,0.001,AllWorse,Environment_Gaussian,HDoC_Kano,1.0,"[0.25 0.25 0.25 0.25 0.25 0.25 0.25 0.25 0.25 0.25 0.25 0.25 0.25 0.25
 0.25 0.25 0.25 0.25 0.25 0.25 0.25 0.25 0.25 0.25 0.25 0.25 0.25 0.25
 0.25 0.25 0.25 0.25 0.25 0.25 0.25 0.25 0.25 0.25 0.25 0.25 0.25 0.25
 0.25 0.25 0.25 0.25 0.25 0.25 0.25 0.25 0.25 0.25 0.25 0.25 0.25 0.25
 0.25 0.25 0.25 0.25 0.25 0.25 0.25 0.25 0.25 0.25 0.25 0.25 0.25 0.25
 0.25 0.25 0.25 0.25 0.25 0.25 0.25 0.25 0.25 0.25 0.25 0.25 0.25 0.25
 0.25 0.25 0.25 0.25 0.25 0.25 0.25 0.25 0.25 0.25 0.25 0.25 0.25 0.25
 0.25 0.25 0.25 0.25 0.25 0.25 0.25 0.25 0.25 0.25 0.25 0.25 0.25 0.25
 0.25 0.25 0.25 0.25 0.25 0.25 0.25 0.25 0.25 0.25 0.25 0.25 0.25 0.25
 0.25 0.25 0.25 0.25 0.25 0.25 0.25 0.25 0.25 0.25 0.25 0.25 0.25 0.25
 0.25 0.25 0.25 0.25 0.25 0.25 0.25 0.25 0.25 0.25]",126507.441,98.39923226590236,100000000.0,0.0,1000.0
150,1000,0.001,AllGood,Environment_Gaussian,HDoC_Kano,1.0,"[0.65 0.65 0.65 0.65 0.65 0.65 0.65 0.65 0.65 0.65 0.65 0.65 0.65 0.65
 0.65 0.65 0.65 0.65 0.65 0.65 0.65 0.65 0.65 0.65 0.65 0.65 0.65 0.65
 0.65 0.65 0.65 0.65 0.65 0.65 0.65 0.65 0.65 0.65 0.65 0.65 0.65 0.65
 0.65 0.65 0.65 0.65 0.65 0.65 0.65 0.65 0.65 0.65 0.65 0.65 0.65 0.65
 0.65 0.65 0.65 0.65 0.65 0.65 0.65 0.65 0.65 0.65 0.65 0.65 0.65 0.65
 0.65 0.65 0.65 0.65 0.65 0.65 0.65 0.65 0.65 0.65 0.65 0.65 0.65 0.65
 0.65 0.65 0.65 0.65 0.65 0.65 0.65 0.65 0.65 0.65 0.65 0.65 0.65 0.65
 0.65 0.65 0.65 0.65 0.65 0.65 0.65 0.65 0.65 0.65 0.65 0.65 0.65 0.65
 0.65 0.65 0.65 0.65 0.65 0.65 0.65 0.65 0.65 0.65 0.65 0.65 0.65 0.65
 0.65 0.65 0.65 0.65 0.65 0.65 0.65 0.65 0.65 0.65 0.65 0.65 0.65 0.65
 0.65 0.65 0.65 0.65 0.65 0.65 0.65 0.65 0.65 0.65]",58423.953,563.5517225462016,100000000.0,0.0,1000.0
150,1000,0.001,HalfGood,Environment_Gaussian,HDoC_Kano,1.0,"[0.65 0.65 0.65 0.65 0.65 0.65 0.65 0.65 0.65 0.65 0.65 0.65 0.65 0.65
 0.65 0.65 0.65 0.65 0.65 0.65 0.65 0.65 0.65 0.65 0.65 0.65 0.65 0.65
 0.65 0.65 0.65 0.65 0.65 0.65 0.65 0.65 0.65 0.65 0.65 0.65 0.65 0.65
 0.65 0.65 0.65 0.65 0.65 0.65 0.65 0.65 0.65 0.65 0.65 0.65 0.65 0.65
 0.65 0.65 0.65 0.65 0.65 0.65 0.65 0.65 0.65 0.65 0.65 0.65 0.65 0.65
 0.65 0.65 0.65 0.65 0.65 0.5  0.5  0.5  0.5  0.5  0.5  0.5  0.5  0.5
 0.5  0.5  0.5  0.5  0.5  0.5  0.5  0.5  0.5  0.5  0.5  0.5  0.5  0.5
 0.5  0.5  0.5  0.5  0.5  0.5  0.5  0.5  0.5  0.5  0.5  0.5  0.5  0.5
 0.5  0.5  0.5  0.5  0.5  0.5  0.5  0.5  0.5  0.5  0.5  0.5  0.5  0.5
 0.5  0.5  0.5  0.5  0.5  0.5  0.5  0.5  0.5  0.5  0.5  0.5  0.5  0.5
 0.5  0.5  0.5  0.5  0.5  0.5  0.5  0.5  0.5  0.5 ]",47530.175,429.27169036913557,100000000.0,0.0,1000.0
100,1000,0.001,Linear,Environment_Gaussian,HDoC_Kano,1.0,"[0.35       0.3530303  0.35606061 0.35909091 0.36212121 0.36515152
 0.36818182 0.37121212 0.37424242 0.37727273 0.38030303 0.38333333
 0.38636364 0.38939394 0.39242424 0.39545455 0.39848485 0.40151515
 0.40454545 0.40757576 0.41060606 0.41363636 0.41666667 0.41969697
 0.42272727 0.42575758 0.42878788 0.43181818 0.43484848 0.43787879
 0.44090909 0.44393939 0.4469697  0.45       0.4530303  0.45606061
 0.45909091 0.46212121 0.46515152 0.46818182 0.47121212 0.47424242
 0.47727273 0.48030303 0.48333333 0.48636364 0.48939394 0.49242424
 0.49545455 0.49848485 0.50151515 0.50454545 0.50757576 0.51060606
 0.51363636 0.51666667 0.51969697 0.52272727 0.52575758 0.52878788
 0.53181818 0.53484848 0.53787879 0.54090909 0.54393939 0.5469697
 0.55       0.5530303  0.55606061 0.55909091 0.56212121 0.56515152
 0.56818182 0.57121212 0.57424242 0.57727273 0.58030303 0.58333333
 0.58636364 0.58939394 0.59242424 0.59545455 0.59848485 0.60151515
 0.60454545 0.60757576 0.61060606 0.61363636 0.61666667 0.61969697
 0.62272727 0.62575758 0.62878788 0.63181818 0.63484848 0.63787879
 0.64090909 0.64393939 0.6469697  0.65      ]",35814.016,329.26099547888145,100000000.0,0.0,1000.0
100,1000,0.001,Unique_Qualified,Environment_Gaussian,HDoC_Kano,1.0,"[0.5  0.5  0.5  0.5  0.5  0.5  0.5  0.5  0.5  0.5  0.5  0.5  0.5  0.5
 0.5  0.5  0.5  0.5  0.5  0.5  0.5  0.5  0.5  0.5  0.5  0.5  0.5  0.5
 0.5  0.5  0.5  0.5  0.5  0.5  0.5  0.5  0.5  0.5  0.5  0.5  0.5  0.5
 0.5  0.5  0.5  0.5  0.5  0.5  0.5  0.5  0.5  0.5  0.5  0.5  0.5  0.5
 0.5  0.5  0.5  0.5  0.5  0.5  0.5  0.5  0.5  0.5  0.5  0.5  0.5  0.5
 0.5  0.5  0.5  0.5  0.5  0.5  0.5  0.5  0.5  0.5  0.5  0.5  0.5  0.5
 0.5  0.5  0.5  0.5  0.5  0.5  0.5  0.5  0.5  0.5  0.5  0.5  0.5  0.5
 0.5  0.65]",38582.353,373.37842328714044,100000000.0,0.0,1000.0
100,1000,0.001,OneQuarter_Qualified,Environment_Gaussian,HDoC_Kano,1.0,"[0.65 0.65 0.65 0.65 0.65 0.65 0.65 0.65 0.65 0.65 0.65 0.65 0.65 0.65
 0.65 0.65 0.65 0.65 0.65 0.65 0.65 0.65 0.65 0.65 0.65 0.5  0.5  0.5
 0.5  0.5  0.5  0.5  0.5  0.5  0.5  0.5  0.5  0.5  0.5  0.5  0.5  0.5
 0.5  0.5  0.5  0.5  0.5  0.5  0.5  0.5  0.5  0.5  0.5  0.5  0.5  0.5
 0.5  0.5  0.5  0.5  0.5  0.5  0.5  0.5  0.5  0.5  0.5  0.5  0.5  0.5
 0.5  0.5  0.5  0.5  0.5  0.5  0.5  0.5  0.5  0.5  0.5  0.5  0.5  0.5
 0.5  0.5  0.5  0.5  0.5  0.5  0.5  0.5  0.5  0.5  0.5  0.5  0.5  0.5
 0.5  0.5 ]",29347.165,266.15974137306154,100000000.0,0.0,1000.0
100,1000,0.001,AllWorse,Environment_Gaussian,HDoC_Kano,1.0,"[0.25 0.25 0.25 0.25 0.25 0.25 0.25 0.25 0.25 0.25 0.25 0.25 0.25 0.25
 0.25 0.25 0.25 0.25 0.25 0.25 0.25 0.25 0.25 0.25 0.25 0.25 0.25 0.25
 0.25 0.25 0.25 0.25 0.25 0.25 0.25 0.25 0.25 0.25 0.25 0.25 0.25 0.25
 0.25 0.25 0.25 0.25 0.25 0.25 0.25 0.25 0.25 0.25 0.25 0.25 0.25 0.25
 0.25 0.25 0.25 0.25 0.25 0.25 0.25 0.25 0.25 0.25 0.25 0.25 0.25 0.25
 0.25 0.25 0.25 0.25 0.25 0.25 0.25 0.25 0.25 0.25 0.25 0.25 0.25 0.25
 0.25 0.25 0.25 0.25 0.25 0.25 0.25 0.25 0.25 0.25 0.25 0.25 0.25 0.25
 0.25 0.25]",82867.043,79.42316296365313,100000000.0,0.0,1000.0
100,1000,0.001,AllGood,Environment_Gaussian,HDoC_Kano,1.0,"[0.65 0.65 0.65 0.65 0.65 0.65 0.65 0.65 0.65 0.65 0.65 0.65 0.65 0.65
 0.65 0.65 0.65 0.65 0.65 0.65 0.65 0.65 0.65 0.65 0.65 0.65 0.65 0.65
 0.65 0.65 0.65 0.65 0.65 0.65 0.65 0.65 0.65 0.65 0.65 0.65 0.65 0.65
 0.65 0.65 0.65 0.65 0.65 0.65 0.65 0.65 0.65 0.65 0.65 0.65 0.65 0.65
 0.65 0.65 0.65 0.65 0.65 0.65 0.65 0.65 0.65 0.65 0.65 0.65 0.65 0.65
 0.65 0.65 0.65 0.65 0.65 0.65 0.65 0.65 0.65 0.65 0.65 0.65 0.65 0.65
 0.65 0.65 0.65 0.65 0.65 0.65 0.65 0.65 0.65 0.65 0.65 0.65 0.65 0.65
 0.65 0.65]",41923.643,424.7484624946287,100000000.0,0.0,1000.0
100,1000,0.001,HalfGood,Environment_Gaussian,HDoC_Kano,1.0,"[0.65 0.65 0.65 0.65 0.65 0.65 0.65 0.65 0.65 0.65 0.65 0.65 0.65 0.65
 0.65 0.65 0.65 0.65 0.65 0.65 0.65 0.65 0.65 0.65 0.65 0.65 0.65 0.65
 0.65 0.65 0.65 0.65 0.65 0.65 0.65 0.65 0.65 0.65 0.65 0.65 0.65 0.65
 0.65 0.65 0.65 0.65 0.65 0.65 0.65 0.65 0.5  0.5  0.5  0.5  0.5  0.5
 0.5  0.5  0.5  0.5  0.5  0.5  0.5  0.5  0.5  0.5  0.5  0.5  0.5  0.5
 0.5  0.5  0.5  0.5  0.5  0.5  0.5  0.5  0.5  0.5  0.5  0.5  0.5  0.5
 0.5  0.5  0.5  0.5  0.5  0.5  0.5  0.5  0.5  0.5  0.5  0.5  0.5  0.5
 0.5  0.5 ]",33782.672,314.8686730248279,100000000.0,0.0,1000.0
50,1000,0.001,Linear,Environment_Gaussian,HDoC_Kano,1.0,"[0.35       0.35612245 0.3622449  0.36836735 0.3744898  0.38061224
 0.38673469 0.39285714 0.39897959 0.40510204 0.41122449 0.41734694
 0.42346939 0.42959184 0.43571429 0.44183673 0.44795918 0.45408163
 0.46020408 0.46632653 0.47244898 0.47857143 0.48469388 0.49081633
 0.49693878 0.50306122 0.50918367 0.51530612 0.52142857 0.52755102
 0.53367347 0.53979592 0.54591837 0.55204082 0.55816327 0.56428571
 0.57040816 0.57653061 0.58265306 0.58877551 0.59489796 0.60102041
 0.60714286 0.61326531 0.61938776 0.6255102  0.63163265 0.6377551
 0.64387755 0.65      ]",20905.088,205.6347628351199,100000000.0,0.0,1000.0
50,1000,0.001,Unique_Qualified,Environment_Gaussian,HDoC_Kano,1.0,"[0.5  0.5  0.5  0.5  0.5  0.5  0.5  0.5  0.5  0.5  0.5  0.5  0.5  0.5
 0.5  0.5  0.5  0.5  0.5  0.5  0.5  0.5  0.5  0.5  0.5  0.5  0.5  0.5
 0.5  0.5  0.5  0.5  0.5  0.5  0.5  0.5  0.5  0.5  0.5  0.5  0.5  0.5
 0.5  0.5  0.5  0.5  0.5  0.5  0.5  0.65]",19456.253,193.08659100256287,100000000.0,0.0,1000.0
50,1000,0.001,OneQuarter_Qualified,Environment_Gaussian,HDoC_Kano,1.0,"[0.65 0.65 0.65 0.65 0.65 0.65 0.65 0.65 0.65 0.65 0.65 0.65 0.5  0.5
 0.5  0.5  0.5  0.5  0.5  0.5  0.5  0.5  0.5  0.5  0.5  0.5  0.5  0.5
 0.5  0.5  0.5  0.5  0.5  0.5  0.5  0.5  0.5  0.5  0.5  0.5  0.5  0.5
 0.5  0.5  0.5  0.5  0.5  0.5  0.5  0.5 ]",17155.514,160.99417702452473,100000000.0,0.0,1000.0
50,1000,0.001,AllWorse,Environment_Gaussian,HDoC_Kano,1.0,"[0.25 0.25 0.25 0.25 0.25 0.25 0.25 0.25 0.25 0.25 0.25 0.25 0.25 0.25
 0.25 0.25 0.25 0.25 0.25 0.25 0.25 0.25 0.25 0.25 0.25 0.25 0.25 0.25
 0.25 0.25 0.25 0.25 0.25 0.25 0.25 0.25 0.25 0.25 0.25 0.25 0.25 0.25
 0.25 0.25 0.25 0.25 0.25 0.25 0.25 0.25]",40248.441,55.266295357288065,100000000.0,0.0,1000.0
50,1000,0.001,AllGood,Environment_Gaussian,HDoC_Kano,1.0,"[0.65 0.65 0.65 0.65 0.65 0.65 0.65 0.65 0.65 0.65 0.65 0.65 0.65 0.65
 0.65 0.65 0.65 0.65 0.65 0.65 0.65 0.65 0.65 0.65 0.65 0.65 0.65 0.65
 0.65 0.65 0.65 0.65 0.65 0.65 0.65 0.65 0.65 0.65 0.65 0.65 0.65 0.65
 0.65 0.65 0.65 0.65 0.65 0.65 0.65 0.65]",23839.127,248.67915976790454,100000000.0,0.0,1000.0
50,1000,0.001,HalfGood,Environment_Gaussian,HDoC_Kano,1.0,"[0.65 0.65 0.65 0.65 0.65 0.65 0.65 0.65 0.65 0.65 0.65 0.65 0.65 0.65
 0.65 0.65 0.65 0.65 0.65 0.65 0.65 0.65 0.65 0.65 0.65 0.5  0.5  0.5
 0.5  0.5  0.5  0.5  0.5  0.5  0.5  0.5  0.5  0.5  0.5  0.5  0.5  0.5
 0.5  0.5  0.5  0.5  0.5  0.5  0.5  0.5 ]",19554.567,198.36915725361897,100000000.0,0.0,1000.0
40,1000,0.001,Linear,Environment_Gaussian,HDoC_Kano,1.0,"[0.35       0.35769231 0.36538462 0.37307692 0.38076923 0.38846154
 0.39615385 0.40384615 0.41153846 0.41923077 0.42692308 0.43461538
 0.44230769 0.45       0.45769231 0.46538462 0.47307692 0.48076923
 0.48846154 0.49615385 0.50384615 0.51153846 0.51923077 0.52692308
 0.53461538 0.54230769 0.55       0.55769231 0.56538462 0.57307692
 0.58076923 0.58846154 0.59615385 0.60384615 0.61153846 0.61923077
 0.62692308 0.63461538 0.64230769 0.65      ]",17514.724,176.80108157990438,100000000.0,0.0,1000.0
40,1000,0.001,Unique_Qualified,Environment_Gaussian,HDoC_Kano,1.0,"[0.5  0.5  0.5  0.5  0.5  0.5  0.5  0.5  0.5  0.5  0.5  0.5  0.5  0.5
 0.5  0.5  0.5  0.5  0.5  0.5  0.5  0.5  0.5  0.5  0.5  0.5  0.5  0.5
 0.5  0.5  0.5  0.5  0.5  0.5  0.5  0.5  0.5  0.5  0.5  0.65]",15607.642,148.89372161993936,100000000.0,0.0,1000.0
40,1000,0.001,OneQuarter_Qualified,Environment_Gaussian,HDoC_Kano,1.0,"[0.65 0.65 0.65 0.65 0.65 0.65 0.65 0.65 0.65 0.65 0.5  0.5  0.5  0.5
 0.5  0.5  0.5  0.5  0.5  0.5  0.5  0.5  0.5  0.5  0.5  0.5  0.5  0.5
 0.5  0.5  0.5  0.5  0.5  0.5  0.5  0.5  0.5  0.5  0.5  0.5 ]",13742.597,135.81123016374974,100000000.0,0.0,1000.0
40,1000,0.001,AllWorse,Environment_Gaussian,HDoC_Kano,1.0,"[0.25 0.25 0.25 0.25 0.25 0.25 0.25 0.25 0.25 0.25 0.25 0.25 0.25 0.25
 0.25 0.25 0.25 0.25 0.25 0.25 0.25 0.25 0.25 0.25 0.25 0.25 0.25 0.25
 0.25 0.25 0.25 0.25 0.25 0.25 0.25 0.25 0.25 0.25 0.25 0.25]",31910.27,47.98573299533936,100000000.0,0.0,1000.0
40,1000,0.001,AllGood,Environment_Gaussian,HDoC_Kano,1.0,"[0.65 0.65 0.65 0.65 0.65 0.65 0.65 0.65 0.65 0.65 0.65 0.65 0.65 0.65
 0.65 0.65 0.65 0.65 0.65 0.65 0.65 0.65 0.65 0.65 0.65 0.65 0.65 0.65
 0.65 0.65 0.65 0.65 0.65 0.65 0.65 0.65 0.65 0.65 0.65 0.65]",20274.982,212.95592763216524,100000000.0,0.0,1000.0
40,1000,0.001,HalfGood,Environment_Gaussian,HDoC_Kano,1.0,"[0.65 0.65 0.65 0.65 0.65 0.65 0.65 0.65 0.65 0.65 0.65 0.65 0.65 0.65
 0.65 0.65 0.65 0.65 0.65 0.65 0.5  0.5  0.5  0.5  0.5  0.5  0.5  0.5
 0.5  0.5  0.5  0.5  0.5  0.5  0.5  0.5  0.5  0.5  0.5  0.5 ]",16310.423,165.72048554741505,100000000.0,0.0,1000.0
30,1000,0.001,Linear,Environment_Gaussian,HDoC_Kano,1.0,"[0.35       0.36034483 0.37068966 0.38103448 0.39137931 0.40172414
 0.41206897 0.42241379 0.43275862 0.44310345 0.45344828 0.4637931
 0.47413793 0.48448276 0.49482759 0.50517241 0.51551724 0.52586207
 0.5362069  0.54655172 0.55689655 0.56724138 0.57758621 0.58793103
 0.59827586 0.60862069 0.61896552 0.62931034 0.63965517 0.65      ]",13837.207,140.59933238871014,100000000.0,0.0,1000.0
30,1000,0.001,Unique_Qualified,Environment_Gaussian,HDoC_Kano,1.0,"[0.5  0.5  0.5  0.5  0.5  0.5  0.5  0.5  0.5  0.5  0.5  0.5  0.5  0.5
 0.5  0.5  0.5  0.5  0.5  0.5  0.5  0.5  0.5  0.5  0.5  0.5  0.5  0.5
 0.5  0.65]",12048.191,121.10809398433699,100000000.0,0.0,1000.0
30,1000,0.001,OneQuarter_Qualified,Environment_Gaussian,HDoC_Kano,1.0,"[0.65 0.65 0.65 0.65 0.65 0.65 0.65 0.5  0.5  0.5  0.5  0.5  0.5  0.5
 0.5  0.5  0.5  0.5  0.5  0.5  0.5  0.5  0.5  0.5  0.5  0.5  0.5  0.5
 0.5  0.5 ]",11060.722,110.05985899825605,100000000.0,0.0,1000.0
30,1000,0.001,AllWorse,Environment_Gaussian,HDoC_Kano,1.0,"[0.25 0.25 0.25 0.25 0.25 0.25 0.25 0.25 0.25 0.25 0.25 0.25 0.25 0.25
 0.25 0.25 0.25 0.25 0.25 0.25 0.25 0.25 0.25 0.25 0.25 0.25 0.25 0.25
 0.25 0.25]",23658.845,42.08155687441946,100000000.0,0.0,1000.0
30,1000,0.001,AllGood,Environment_Gaussian,HDoC_Kano,1.0,"[0.65 0.65 0.65 0.65 0.65 0.65 0.65 0.65 0.65 0.65 0.65 0.65 0.65 0.65
 0.65 0.65 0.65 0.65 0.65 0.65 0.65 0.65 0.65 0.65 0.65 0.65 0.65 0.65
 0.65 0.65]",16121.482,178.81239912174996,100000000.0,0.0,1000.0
30,1000,0.001,HalfGood,Environment_Gaussian,HDoC_Kano,1.0,"[0.65 0.65 0.65 0.65 0.65 0.65 0.65 0.65 0.65 0.65 0.65 0.65 0.65 0.65
 0.65 0.5  0.5  0.5  0.5  0.5  0.5  0.5  0.5  0.5  0.5  0.5  0.5  0.5
 0.5  0.5 ]",12911.019,135.38672223168342,100000000.0,0.0,1000.0
20,1000,0.001,Linear,Environment_Gaussian,HDoC_Kano,1.0,"[0.35       0.36578947 0.38157895 0.39736842 0.41315789 0.42894737
 0.44473684 0.46052632 0.47631579 0.49210526 0.50789474 0.52368421
 0.53947368 0.55526316 0.57105263 0.58684211 0.60263158 0.61842105
 0.63421053 0.65      ]",10218.906,108.66304876619282,100000000.0,0.0,1000.0
20,1000,0.001,Unique_Qualified,Environment_Gaussian,HDoC_Kano,1.0,"[0.5  0.5  0.5  0.5  0.5  0.5  0.5  0.5  0.5  0.5  0.5  0.5  0.5  0.5
 0.5  0.5  0.5  0.5  0.5  0.65]",8412.306,84.85349485061886,100000000.0,0.0,1000.0
20,1000,0.001,OneQuarter_Qualified,Environment_Gaussian,HDoC_Kano,1.0,"[0.65 0.65 0.65 0.65 0.65 0.5  0.5  0.5  0.5  0.5  0.5  0.5  0.5  0.5
 0.5  0.5  0.5  0.5  0.5  0.5 ]",8379.849,85.55100702036768,100000000.0,0.0,1000.0
20,1000,0.001,AllWorse,Environment_Gaussian,HDoC_Kano,1.0,"[0.25 0.25 0.25 0.25 0.25 0.25 0.25 0.25 0.25 0.25 0.25 0.25 0.25 0.25
 0.25 0.25 0.25 0.25 0.25 0.25]",15481.312,34.30972932938994,100000000.0,0.0,1000.0
20,1000,0.001,AllGood,Environment_Gaussian,HDoC_Kano,1.0,"[0.65 0.65 0.65 0.65 0.65 0.65 0.65 0.65 0.65 0.65 0.65 0.65 0.65 0.65
 0.65 0.65 0.65 0.65 0.65 0.65]",12100.592,130.56064776009654,100000000.0,0.0,1000.0
20,1000,0.001,HalfGood,Environment_Gaussian,HDoC_Kano,1.0,"[0.65 0.65 0.65 0.65 0.65 0.65 0.65 0.65 0.65 0.65 0.5  0.5  0.5  0.5
 0.5  0.5  0.5  0.5  0.5  0.5 ]",9578.486,104.69688789932584,100000000.0,0.0,1000.0
200,1000,0.001,Linear,Environment_Gaussian,HDoC_Kano,1.0,"[0.35       0.35150754 0.35301508 0.35452261 0.35603015 0.35753769
 0.35904523 0.36055276 0.3620603  0.36356784 0.36507538 0.36658291
 0.36809045 0.36959799 0.37110553 0.37261307 0.3741206  0.37562814
 0.37713568 0.37864322 0.38015075 0.38165829 0.38316583 0.38467337
 0.3861809  0.38768844 0.38919598 0.39070352 0.39221106 0.39371859
 0.39522613 0.39673367 0.39824121 0.39974874 0.40125628 0.40276382
 0.40427136 0.40577889 0.40728643 0.40879397 0.41030151 0.41180905
 0.41331658 0.41482412 0.41633166 0.4178392  0.41934673 0.42085427
 0.42236181 0.42386935 0.42537688 0.42688442 0.42839196 0.4298995
 0.43140704 0.43291457 0.43442211 0.43592965 0.43743719 0.43894472
 0.44045226 0.4419598  0.44346734 0.44497487 0.44648241 0.44798995
 0.44949749 0.45100503 0.45251256 0.4540201  0.45552764 0.45703518
 0.45854271 0.46005025 0.46155779 0.46306533 0.46457286 0.4660804
 0.46758794 0.46909548 0.47060302 0.47211055 0.47361809 0.47512563
 0.47663317 0.4781407  0.47964824 0.48115578 0.48266332 0.48417085
 0.48567839 0.48718593 0.48869347 0.49020101 0.49170854 0.49321608
 0.49472362 0.49623116 0.49773869 0.49924623 0.50075377 0.50226131
 0.50376884 0.50527638 0.50678392 0.50829146 0.50979899 0.51130653
 0.51281407 0.51432161 0.51582915 0.51733668 0.51884422 0.52035176
 0.5218593  0.52336683 0.52487437 0.52638191 0.52788945 0.52939698
 0.53090452 0.53241206 0.5339196  0.53542714 0.53693467 0.53844221
 0.53994975 0.54145729 0.54296482 0.54447236 0.5459799  0.54748744
 0.54899497 0.55050251 0.55201005 0.55351759 0.55502513 0.55653266
 0.5580402  0.55954774 0.56105528 0.56256281 0.56407035 0.56557789
 0.56708543 0.56859296 0.5701005  0.57160804 0.57311558 0.57462312
 0.57613065 0.57763819 0.57914573 0.58065327 0.5821608  0.58366834
 0.58517588 0.58668342 0.58819095 0.58969849 0.59120603 0.59271357
 0.59422111 0.59572864 0.59723618 0.59874372 0.60025126 0.60175879
 0.60326633 0.60477387 0.60628141 0.60778894 0.60929648 0.61080402
 0.61231156 0.6138191  0.61532663 0.61683417 0.61834171 0.61984925
 0.62135678 0.62286432 0.62437186 0.6258794  0.62738693 0.62889447
 0.63040201 0.63190955 0.63341709 0.63492462 0.63643216 0.6379397
 0.63944724 0.64095477 0.64246231 0.64396985 0.64547739 0.64698492
 0.64849246 0.65      ]",66122.047,564.5892283694324,100000000.0,0.0,1000.0
200,1000,0.001,Unique_Qualified,Environment_Gaussian,HDoC_Kano,1.0,"[0.5  0.5  0.5  0.5  0.5  0.5  0.5  0.5  0.5  0.5  0.5  0.5  0.5  0.5
 0.5  0.5  0.5  0.5  0.5  0.5  0.5  0.5  0.5  0.5  0.5  0.5  0.5  0.5
 0.5  0.5  0.5  0.5  0.5  0.5  0.5  0.5  0.5  0.5  0.5  0.5  0.5  0.5
 0.5  0.5  0.5  0.5  0.5  0.5  0.5  0.5  0.5  0.5  0.5  0.5  0.5  0.5
 0.5  0.5  0.5  0.5  0.5  0.5  0.5  0.5  0.5  0.5  0.5  0.5  0.5  0.5
 0.5  0.5  0.5  0.5  0.5  0.5  0.5  0.5  0.5  0.5  0.5  0.5  0.5  0.5
 0.5  0.5  0.5  0.5  0.5  0.5  0.5  0.5  0.5  0.5  0.5  0.5  0.5  0.5
 0.5  0.5  0.5  0.5  0.5  0.5  0.5  0.5  0.5  0.5  0.5  0.5  0.5  0.5
 0.5  0.5  0.5  0.5  0.5  0.5  0.5  0.5  0.5  0.5  0.5  0.5  0.5  0.5
 0.5  0.5  0.5  0.5  0.5  0.5  0.5  0.5  0.5  0.5  0.5  0.5  0.5  0.5
 0.5  0.5  0.5  0.5  0.5  0.5  0.5  0.5  0.5  0.5  0.5  0.5  0.5  0.5
 0.5  0.5  0.5  0.5  0.5  0.5  0.5  0.5  0.5  0.5  0.5  0.5  0.5  0.5
 0.5  0.5  0.5  0.5  0.5  0.5  0.5  0.5  0.5  0.5  0.5  0.5  0.5  0.5
 0.5  0.5  0.5  0.5  0.5  0.5  0.5  0.5  0.5  0.5  0.5  0.5  0.5  0.5
 0.5  0.5  0.5  0.65]",79632.194,740.3753664327062,100000000.0,0.0,1000.0
200,1000,0.001,OneQuarter_Qualified,Environment_Gaussian,HDoC_Kano,1.0,"[0.65 0.65 0.65 0.65 0.65 0.65 0.65 0.65 0.65 0.65 0.65 0.65 0.65 0.65
 0.65 0.65 0.65 0.65 0.65 0.65 0.65 0.65 0.65 0.65 0.65 0.65 0.65 0.65
 0.65 0.65 0.65 0.65 0.65 0.65 0.65 0.65 0.65 0.65 0.65 0.65 0.65 0.65
 0.65 0.65 0.65 0.65 0.65 0.65 0.65 0.65 0.5  0.5  0.5  0.5  0.5  0.5
 0.5  0.5  0.5  0.5  0.5  0.5  0.5  0.5  0.5  0.5  0.5  0.5  0.5  0.5
 0.5  0.5  0.5  0.5  0.5  0.5  0.5  0.5  0.5  0.5  0.5  0.5  0.5  0.5
 0.5  0.5  0.5  0.5  0.5  0.5  0.5  0.5  0.5  0.5  0.5  0.5  0.5  0.5
 0.5  0.5  0.5  0.5  0.5  0.5  0.5  0.5  0.5  0.5  0.5  0.5  0.5  0.5
 0.5  0.5  0.5  0.5  0.5  0.5  0.5  0.5  0.5  0.5  0.5  0.5  0.5  0.5
 0.5  0.5  0.5  0.5  0.5  0.5  0.5  0.5  0.5  0.5  0.5  0.5  0.5  0.5
 0.5  0.5  0.5  0.5  0.5  0.5  0.5  0.5  0.5  0.5  0.5  0.5  0.5  0.5
 0.5  0.5  0.5  0.5  0.5  0.5  0.5  0.5  0.5  0.5  0.5  0.5  0.5  0.5
 0.5  0.5  0.5  0.5  0.5  0.5  0.5  0.5  0.5  0.5  0.5  0.5  0.5  0.5
 0.5  0.5  0.5  0.5  0.5  0.5  0.5  0.5  0.5  0.5  0.5  0.5  0.5  0.5
 0.5  0.5  0.5  0.5 ]",52714.834,449.34081844457893,100000000.0,0.0,1000.0
200,1000,0.001,AllWorse,Environment_Gaussian,HDoC_Kano,1.0,"[0.25 0.25 0.25 0.25 0.25 0.25 0.25 0.25 0.25 0.25 0.25 0.25 0.25 0.25
 0.25 0.25 0.25 0.25 0.25 0.25 0.25 0.25 0.25 0.25 0.25 0.25 0.25 0.25
 0.25 0.25 0.25 0.25 0.25 0.25 0.25 0.25 0.25 0.25 0.25 0.25 0.25 0.25
 0.25 0.25 0.25 0.25 0.25 0.25 0.25 0.25 0.25 0.25 0.25 0.25 0.25 0.25
 0.25 0.25 0.25 0.25 0.25 0.25 0.25 0.25 0.25 0.25 0.25 0.25 0.25 0.25
 0.25 0.25 0.25 0.25 0.25 0.25 0.25 0.25 0.25 0.25 0.25 0.25 0.25 0.25
 0.25 0.25 0.25 0.25 0.25 0.25 0.25 0.25 0.25 0.25 0.25 0.25 0.25 0.25
 0.25 0.25 0.25 0.25 0.25 0.25 0.25 0.25 0.25 0.25 0.25 0.25 0.25 0.25
 0.25 0.25 0.25 0.25 0.25 0.25 0.25 0.25 0.25 0.25 0.25 0.25 0.25 0.25
 0.25 0.25 0.25 0.25 0.25 0.25 0.25 0.25 0.25 0.25 0.25 0.25 0.25 0.25
 0.25 0.25 0.25 0.25 0.25 0.25 0.25 0.25 0.25 0.25 0.25 0.25 0.25 0.25
 0.25 0.25 0.25 0.25 0.25 0.25 0.25 0.25 0.25 0.25 0.25 0.25 0.25 0.25
 0.25 0.25 0.25 0.25 0.25 0.25 0.25 0.25 0.25 0.25 0.25 0.25 0.25 0.25
 0.25 0.25 0.25 0.25 0.25 0.25 0.25 0.25 0.25 0.25 0.25 0.25 0.25 0.25
 0.25 0.25 0.25 0.25]",170538.967,113.16079190210273,100000000.0,0.0,1000.0
200,1000,0.001,AllGood,Environment_Gaussian,HDoC_Kano,1.0,"[0.65 0.65 0.65 0.65 0.65 0.65 0.65 0.65 0.65 0.65 0.65 0.65 0.65 0.65
 0.65 0.65 0.65 0.65 0.65 0.65 0.65 0.65 0.65 0.65 0.65 0.65 0.65 0.65
 0.65 0.65 0.65 0.65 0.65 0.65 0.65 0.65 0.65 0.65 0.65 0.65 0.65 0.65
 0.65 0.65 0.65 0.65 0.65 0.65 0.65 0.65 0.65 0.65 0.65 0.65 0.65 0.65
 0.65 0.65 0.65 0.65 0.65 0.65 0.65 0.65 0.65 0.65 0.65 0.65 0.65 0.65
 0.65 0.65 0.65 0.65 0.65 0.65 0.65 0.65 0.65 0.65 0.65 0.65 0.65 0.65
 0.65 0.65 0.65 0.65 0.65 0.65 0.65 0.65 0.65 0.65 0.65 0.65 0.65 0.65
 0.65 0.65 0.65 0.65 0.65 0.65 0.65 0.65 0.65 0.65 0.65 0.65 0.65 0.65
 0.65 0.65 0.65 0.65 0.65 0.65 0.65 0.65 0.65 0.65 0.65 0.65 0.65 0.65
 0.65 0.65 0.65 0.65 0.65 0.65 0.65 0.65 0.65 0.65 0.65 0.65 0.65 0.65
 0.65 0.65 0.65 0.65 0.65 0.65 0.65 0.65 0.65 0.65 0.65 0.65 0.65 0.65
 0.65 0.65 0.65 0.65 0.65 0.65 0.65 0.65 0.65 0.65 0.65 0.65 0.65 0.65
 0.65 0.65 0.65 0.65 0.65 0.65 0.65 0.65 0.65 0.65 0.65 0.65 0.65 0.65
 0.65 0.65 0.65 0.65 0.65 0.65 0.65 0.65 0.65 0.65 0.65 0.65 0.65 0.65
 0.65 0.65 0.65 0.65]",73293.169,694.1119263147975,100000000.0,0.0,1000.0
200,1000,0.001,HalfGood,Environment_Gaussian,HDoC_Kano,1.0,"[0.65 0.65 0.65 0.65 0.65 0.65 0.65 0.65 0.65 0.65 0.65 0.65 0.65 0.65
 0.65 0.65 0.65 0.65 0.65 0.65 0.65 0.65 0.65 0.65 0.65 0.65 0.65 0.65
 0.65 0.65 0.65 0.65 0.65 0.65 0.65 0.65 0.65 0.65 0.65 0.65 0.65 0.65
 0.65 0.65 0.65 0.65 0.65 0.65 0.65 0.65 0.65 0.65 0.65 0.65 0.65 0.65
 0.65 0.65 0.65 0.65 0.65 0.65 0.65 0.65 0.65 0.65 0.65 0.65 0.65 0.65
 0.65 0.65 0.65 0.65 0.65 0.65 0.65 0.65 0.65 0.65 0.65 0.65 0.65 0.65
 0.65 0.65 0.65 0.65 0.65 0.65 0.65 0.65 0.65 0.65 0.65 0.65 0.65 0.65
 0.65 0.65 0.5  0.5  0.5  0.5  0.5  0.5  0.5  0.5  0.5  0.5  0.5  0.5
 0.5  0.5  0.5  0.5  0.5  0.5  0.5  0.5  0.5  0.5  0.5  0.5  0.5  0.5
 0.5  0.5  0.5  0.5  0.5  0.5  0.5  0.5  0.5  0.5  0.5  0.5  0.5  0.5
 0.5  0.5  0.5  0.5  0.5  0.5  0.5  0.5  0.5  0.5  0.5  0.5  0.5  0.5
 0.5  0.5  0.5  0.5  0.5  0.5  0.5  0.5  0.5  0.5  0.5  0.5  0.5  0.5
 0.5  0.5  0.5  0.5  0.5  0.5  0.5  0.5  0.5  0.5  0.5  0.5  0.5  0.5
 0.5  0.5  0.5  0.5  0.5  0.5  0.5  0.5  0.5  0.5  0.5  0.5  0.5  0.5
 0.5  0.5  0.5  0.5 ]",60379.878,541.9855209976702,100000000.0,0.0,1000.0
10,1000,0.0001,Linear,Environment_Gaussian,HDoC_Kano,1.0,"[0.35       0.38333333 0.41666667 0.45       0.48333333 0.51666667
 0.55       0.58333333 0.61666667 0.65      ]",6364.866,75.1653158580738,100000000.0,0.0,1000.0
10,1000,0.0001,Unique_Qualified,Environment_Gaussian,HDoC_Kano,1.0,[0.5  0.5  0.5  0.5  0.5  0.5  0.5  0.5  0.5  0.65],5321.089,51.97565527320459,100000000.0,0.0,1000.0
10,1000,0.0001,OneQuarter_Qualified,Environment_Gaussian,HDoC_Kano,1.0,[0.65 0.65 0.5  0.5  0.5  0.5  0.5  0.5  0.5  0.5 ],5580.091,54.81825441145495,100000000.0,0.0,1000.0
10,1000,0.0001,AllWorse,Environment_Gaussian,HDoC_Kano,1.0,[0.25 0.25 0.25 0.25 0.25 0.25 0.25 0.25 0.25 0.25],8321.824,24.708498801505524,100000000.0,0.0,1000.0
10,1000,0.0001,AllGood,Environment_Gaussian,HDoC_Kano,1.0,[0.65 0.65 0.65 0.65 0.65 0.65 0.65 0.65 0.65 0.65],8291.251,91.33517913706088,100000000.0,0.0,1000.0
10,1000,0.0001,HalfGood,Environment_Gaussian,HDoC_Kano,1.0,[0.65 0.65 0.65 0.65 0.65 0.5  0.5  0.5  0.5  0.5 ],6543.243,70.03292762658863,100000000.0,0.0,1000.0
150,1000,0.0001,Linear,Environment_Gaussian,HDoC_Kano,1.0,"[0.35       0.35201342 0.35402685 0.35604027 0.35805369 0.36006711
 0.36208054 0.36409396 0.36610738 0.36812081 0.37013423 0.37214765
 0.37416107 0.3761745  0.37818792 0.38020134 0.38221477 0.38422819
 0.38624161 0.38825503 0.39026846 0.39228188 0.3942953  0.39630872
 0.39832215 0.40033557 0.40234899 0.40436242 0.40637584 0.40838926
 0.41040268 0.41241611 0.41442953 0.41644295 0.41845638 0.4204698
 0.42248322 0.42449664 0.42651007 0.42852349 0.43053691 0.43255034
 0.43456376 0.43657718 0.4385906  0.44060403 0.44261745 0.44463087
 0.4466443  0.44865772 0.45067114 0.45268456 0.45469799 0.45671141
 0.45872483 0.46073826 0.46275168 0.4647651  0.46677852 0.46879195
 0.47080537 0.47281879 0.47483221 0.47684564 0.47885906 0.48087248
 0.48288591 0.48489933 0.48691275 0.48892617 0.4909396  0.49295302
 0.49496644 0.49697987 0.49899329 0.50100671 0.50302013 0.50503356
 0.50704698 0.5090604  0.51107383 0.51308725 0.51510067 0.51711409
 0.51912752 0.52114094 0.52315436 0.52516779 0.52718121 0.52919463
 0.53120805 0.53322148 0.5352349  0.53724832 0.53926174 0.54127517
 0.54328859 0.54530201 0.54731544 0.54932886 0.55134228 0.5533557
 0.55536913 0.55738255 0.55939597 0.5614094  0.56342282 0.56543624
 0.56744966 0.56946309 0.57147651 0.57348993 0.57550336 0.57751678
 0.5795302  0.58154362 0.58355705 0.58557047 0.58758389 0.58959732
 0.59161074 0.59362416 0.59563758 0.59765101 0.59966443 0.60167785
 0.60369128 0.6057047  0.60771812 0.60973154 0.61174497 0.61375839
 0.61577181 0.61778523 0.61979866 0.62181208 0.6238255  0.62583893
 0.62785235 0.62986577 0.63187919 0.63389262 0.63590604 0.63791946
 0.63993289 0.64194631 0.64395973 0.64597315 0.64798658 0.65      ]",56348.658,453.72210021447717,100000000.0,0.0,1000.0
150,1000,0.0001,Unique_Qualified,Environment_Gaussian,HDoC_Kano,1.0,"[0.5  0.5  0.5  0.5  0.5  0.5  0.5  0.5  0.5  0.5  0.5  0.5  0.5  0.5
 0.5  0.5  0.5  0.5  0.5  0.5  0.5  0.5  0.5  0.5  0.5  0.5  0.5  0.5
 0.5  0.5  0.5  0.5  0.5  0.5  0.5  0.5  0.5  0.5  0.5  0.5  0.5  0.5
 0.5  0.5  0.5  0.5  0.5  0.5  0.5  0.5  0.5  0.5  0.5  0.5  0.5  0.5
 0.5  0.5  0.5  0.5  0.5  0.5  0.5  0.5  0.5  0.5  0.5  0.5  0.5  0.5
 0.5  0.5  0.5  0.5  0.5  0.5  0.5  0.5  0.5  0.5  0.5  0.5  0.5  0.5
 0.5  0.5  0.5  0.5  0.5  0.5  0.5  0.5  0.5  0.5  0.5  0.5  0.5  0.5
 0.5  0.5  0.5  0.5  0.5  0.5  0.5  0.5  0.5  0.5  0.5  0.5  0.5  0.5
 0.5  0.5  0.5  0.5  0.5  0.5  0.5  0.5  0.5  0.5  0.5  0.5  0.5  0.5
 0.5  0.5  0.5  0.5  0.5  0.5  0.5  0.5  0.5  0.5  0.5  0.5  0.5  0.5
 0.5  0.5  0.5  0.5  0.5  0.5  0.5  0.5  0.5  0.65]",60455.027,528.3679189714976,100000000.0,0.0,1000.0
150,1000,0.0001,OneQuarter_Qualified,Environment_Gaussian,HDoC_Kano,1.0,"[0.65 0.65 0.65 0.65 0.65 0.65 0.65 0.65 0.65 0.65 0.65 0.65 0.65 0.65
 0.65 0.65 0.65 0.65 0.65 0.65 0.65 0.65 0.65 0.65 0.65 0.65 0.65 0.65
 0.65 0.65 0.65 0.65 0.65 0.65 0.65 0.65 0.65 0.5  0.5  0.5  0.5  0.5
 0.5  0.5  0.5  0.5  0.5  0.5  0.5  0.5  0.5  0.5  0.5  0.5  0.5  0.5
 0.5  0.5  0.5  0.5  0.5  0.5  0.5  0.5  0.5  0.5  0.5  0.5  0.5  0.5
 0.5  0.5  0.5  0.5  0.5  0.5  0.5  0.5  0.5  0.5  0.5  0.5  0.5  0.5
 0.5  0.5  0.5  0.5  0.5  0.5  0.5  0.5  0.5  0.5  0.5  0.5  0.5  0.5
 0.5  0.5  0.5  0.5  0.5  0.5  0.5  0.5  0.5  0.5  0.5  0.5  0.5  0.5
 0.5  0.5  0.5  0.5  0.5  0.5  0.5  0.5  0.5  0.5  0.5  0.5  0.5  0.5
 0.5  0.5  0.5  0.5  0.5  0.5  0.5  0.5  0.5  0.5  0.5  0.5  0.5  0.5
 0.5  0.5  0.5  0.5  0.5  0.5  0.5  0.5  0.5  0.5 ]",46497.243,373.48629020614794,100000000.0,0.0,1000.0
150,1000,0.0001,AllWorse,Environment_Gaussian,HDoC_Kano,1.0,"[0.25 0.25 0.25 0.25 0.25 0.25 0.25 0.25 0.25 0.25 0.25 0.25 0.25 0.25
 0.25 0.25 0.25 0.25 0.25 0.25 0.25 0.25 0.25 0.25 0.25 0.25 0.25 0.25
 0.25 0.25 0.25 0.25 0.25 0.25 0.25 0.25 0.25 0.25 0.25 0.25 0.25 0.25
 0.25 0.25 0.25 0.25 0.25 0.25 0.25 0.25 0.25 0.25 0.25 0.25 0.25 0.25
 0.25 0.25 0.25 0.25 0.25 0.25 0.25 0.25 0.25 0.25 0.25 0.25 0.25 0.25
 0.25 0.25 0.25 0.25 0.25 0.25 0.25 0.25 0.25 0.25 0.25 0.25 0.25 0.25
 0.25 0.25 0.25 0.25 0.25 0.25 0.25 0.25 0.25 0.25 0.25 0.25 0.25 0.25
 0.25 0.25 0.25 0.25 0.25 0.25 0.25 0.25 0.25 0.25 0.25 0.25 0.25 0.25
 0.25 0.25 0.25 0.25 0.25 0.25 0.25 0.25 0.25 0.25 0.25 0.25 0.25 0.25
 0.25 0.25 0.25 0.25 0.25 0.25 0.25 0.25 0.25 0.25 0.25 0.25 0.25 0.25
 0.25 0.25 0.25 0.25 0.25 0.25 0.25 0.25 0.25 0.25]",138473.004,99.87669167520518,100000000.0,0.0,1000.0
150,1000,0.0001,AllGood,Environment_Gaussian,HDoC_Kano,1.0,"[0.65 0.65 0.65 0.65 0.65 0.65 0.65 0.65 0.65 0.65 0.65 0.65 0.65 0.65
 0.65 0.65 0.65 0.65 0.65 0.65 0.65 0.65 0.65 0.65 0.65 0.65 0.65 0.65
 0.65 0.65 0.65 0.65 0.65 0.65 0.65 0.65 0.65 0.65 0.65 0.65 0.65 0.65
 0.65 0.65 0.65 0.65 0.65 0.65 0.65 0.65 0.65 0.65 0.65 0.65 0.65 0.65
 0.65 0.65 0.65 0.65 0.65 0.65 0.65 0.65 0.65 0.65 0.65 0.65 0.65 0.65
 0.65 0.65 0.65 0.65 0.65 0.65 0.65 0.65 0.65 0.65 0.65 0.65 0.65 0.65
 0.65 0.65 0.65 0.65 0.65 0.65 0.65 0.65 0.65 0.65 0.65 0.65 0.65 0.65
 0.65 0.65 0.65 0.65 0.65 0.65 0.65 0.65 0.65 0.65 0.65 0.65 0.65 0.65
 0.65 0.65 0.65 0.65 0.65 0.65 0.65 0.65 0.65 0.65 0.65 0.65 0.65 0.65
 0.65 0.65 0.65 0.65 0.65 0.65 0.65 0.65 0.65 0.65 0.65 0.65 0.65 0.65
 0.65 0.65 0.65 0.65 0.65 0.65 0.65 0.65 0.65 0.65]",68551.976,606.4554090066507,100000000.0,0.0,1000.0
150,1000,0.0001,HalfGood,Environment_Gaussian,HDoC_Kano,1.0,"[0.65 0.65 0.65 0.65 0.65 0.65 0.65 0.65 0.65 0.65 0.65 0.65 0.65 0.65
 0.65 0.65 0.65 0.65 0.65 0.65 0.65 0.65 0.65 0.65 0.65 0.65 0.65 0.65
 0.65 0.65 0.65 0.65 0.65 0.65 0.65 0.65 0.65 0.65 0.65 0.65 0.65 0.65
 0.65 0.65 0.65 0.65 0.65 0.65 0.65 0.65 0.65 0.65 0.65 0.65 0.65 0.65
 0.65 0.65 0.65 0.65 0.65 0.65 0.65 0.65 0.65 0.65 0.65 0.65 0.65 0.65
 0.65 0.65 0.65 0.65 0.65 0.5  0.5  0.5  0.5  0.5  0.5  0.5  0.5  0.5
 0.5  0.5  0.5  0.5  0.5  0.5  0.5  0.5  0.5  0.5  0.5  0.5  0.5  0.5
 0.5  0.5  0.5  0.5  0.5  0.5  0.5  0.5  0.5  0.5  0.5  0.5  0.5  0.5
 0.5  0.5  0.5  0.5  0.5  0.5  0.5  0.5  0.5  0.5  0.5  0.5  0.5  0.5
 0.5  0.5  0.5  0.5  0.5  0.5  0.5  0.5  0.5  0.5  0.5  0.5  0.5  0.5
 0.5  0.5  0.5  0.5  0.5  0.5  0.5  0.5  0.5  0.5 ]",54696.954,463.09485625504846,100000000.0,0.0,1000.0
100,1000,0.0001,Linear,Environment_Gaussian,HDoC_Kano,1.0,"[0.35       0.3530303  0.35606061 0.35909091 0.36212121 0.36515152
 0.36818182 0.37121212 0.37424242 0.37727273 0.38030303 0.38333333
 0.38636364 0.38939394 0.39242424 0.39545455 0.39848485 0.40151515
 0.40454545 0.40757576 0.41060606 0.41363636 0.41666667 0.41969697
 0.42272727 0.42575758 0.42878788 0.43181818 0.43484848 0.43787879
 0.44090909 0.44393939 0.4469697  0.45       0.4530303  0.45606061
 0.45909091 0.46212121 0.46515152 0.46818182 0.47121212 0.47424242
 0.47727273 0.48030303 0.48333333 0.48636364 0.48939394 0.49242424
 0.49545455 0.49848485 0.50151515 0.50454545 0.50757576 0.51060606
 0.51363636 0.51666667 0.51969697 0.52272727 0.52575758 0.52878788
 0.53181818 0.53484848 0.53787879 0.54090909 0.54393939 0.5469697
 0.55       0.5530303  0.55606061 0.55909091 0.56212121 0.56515152
 0.56818182 0.57121212 0.57424242 0.57727273 0.58030303 0.58333333
 0.58636364 0.58939394 0.59242424 0.59545455 0.59848485 0.60151515
 0.60454545 0.60757576 0.61060606 0.61363636 0.61666667 0.61969697
 0.62272727 0.62575758 0.62878788 0.63181818 0.63484848 0.63787879
 0.64090909 0.64393939 0.6469697  0.65      ]",38912.668,342.16017863535205,100000000.0,0.0,1000.0
100,1000,0.0001,Unique_Qualified,Environment_Gaussian,HDoC_Kano,1.0,"[0.5  0.5  0.5  0.5  0.5  0.5  0.5  0.5  0.5  0.5  0.5  0.5  0.5  0.5
 0.5  0.5  0.5  0.5  0.5  0.5  0.5  0.5  0.5  0.5  0.5  0.5  0.5  0.5
 0.5  0.5  0.5  0.5  0.5  0.5  0.5  0.5  0.5  0.5  0.5  0.5  0.5  0.5
 0.5  0.5  0.5  0.5  0.5  0.5  0.5  0.5  0.5  0.5  0.5  0.5  0.5  0.5
 0.5  0.5  0.5  0.5  0.5  0.5  0.5  0.5  0.5  0.5  0.5  0.5  0.5  0.5
 0.5  0.5  0.5  0.5  0.5  0.5  0.5  0.5  0.5  0.5  0.5  0.5  0.5  0.5
 0.5  0.5  0.5  0.5  0.5  0.5  0.5  0.5  0.5  0.5  0.5  0.5  0.5  0.5
 0.5  0.65]",40143.397,368.41852503829256,100000000.0,0.0,1000.0
100,1000,0.0001,OneQuarter_Qualified,Environment_Gaussian,HDoC_Kano,1.0,"[0.65 0.65 0.65 0.65 0.65 0.65 0.65 0.65 0.65 0.65 0.65 0.65 0.65 0.65
 0.65 0.65 0.65 0.65 0.65 0.65 0.65 0.65 0.65 0.65 0.65 0.5  0.5  0.5
 0.5  0.5  0.5  0.5  0.5  0.5  0.5  0.5  0.5  0.5  0.5  0.5  0.5  0.5
 0.5  0.5  0.5  0.5  0.5  0.5  0.5  0.5  0.5  0.5  0.5  0.5  0.5  0.5
 0.5  0.5  0.5  0.5  0.5  0.5  0.5  0.5  0.5  0.5  0.5  0.5  0.5  0.5
 0.5  0.5  0.5  0.5  0.5  0.5  0.5  0.5  0.5  0.5  0.5  0.5  0.5  0.5
 0.5  0.5  0.5  0.5  0.5  0.5  0.5  0.5  0.5  0.5  0.5  0.5  0.5  0.5
 0.5  0.5 ]",32783.927,280.62211128432307,100000000.0,0.0,1000.0
100,1000,0.0001,AllWorse,Environment_Gaussian,HDoC_Kano,1.0,"[0.25 0.25 0.25 0.25 0.25 0.25 0.25 0.25 0.25 0.25 0.25 0.25 0.25 0.25
 0.25 0.25 0.25 0.25 0.25 0.25 0.25 0.25 0.25 0.25 0.25 0.25 0.25 0.25
 0.25 0.25 0.25 0.25 0.25 0.25 0.25 0.25 0.25 0.25 0.25 0.25 0.25 0.25
 0.25 0.25 0.25 0.25 0.25 0.25 0.25 0.25 0.25 0.25 0.25 0.25 0.25 0.25
 0.25 0.25 0.25 0.25 0.25 0.25 0.25 0.25 0.25 0.25 0.25 0.25 0.25 0.25
 0.25 0.25 0.25 0.25 0.25 0.25 0.25 0.25 0.25 0.25 0.25 0.25 0.25 0.25
 0.25 0.25 0.25 0.25 0.25 0.25 0.25 0.25 0.25 0.25 0.25 0.25 0.25 0.25
 0.25 0.25]",90841.937,83.79264512492132,100000000.0,0.0,1000.0
100,1000,0.0001,AllGood,Environment_Gaussian,HDoC_Kano,1.0,"[0.65 0.65 0.65 0.65 0.65 0.65 0.65 0.65 0.65 0.65 0.65 0.65 0.65 0.65
 0.65 0.65 0.65 0.65 0.65 0.65 0.65 0.65 0.65 0.65 0.65 0.65 0.65 0.65
 0.65 0.65 0.65 0.65 0.65 0.65 0.65 0.65 0.65 0.65 0.65 0.65 0.65 0.65
 0.65 0.65 0.65 0.65 0.65 0.65 0.65 0.65 0.65 0.65 0.65 0.65 0.65 0.65
 0.65 0.65 0.65 0.65 0.65 0.65 0.65 0.65 0.65 0.65 0.65 0.65 0.65 0.65
 0.65 0.65 0.65 0.65 0.65 0.65 0.65 0.65 0.65 0.65 0.65 0.65 0.65 0.65
 0.65 0.65 0.65 0.65 0.65 0.65 0.65 0.65 0.65 0.65 0.65 0.65 0.65 0.65
 0.65 0.65]",49015.5,471.03858797130414,100000000.0,0.0,1000.0
100,1000,0.0001,HalfGood,Environment_Gaussian,HDoC_Kano,1.0,"[0.65 0.65 0.65 0.65 0.65 0.65 0.65 0.65 0.65 0.65 0.65 0.65 0.65 0.65
 0.65 0.65 0.65 0.65 0.65 0.65 0.65 0.65 0.65 0.65 0.65 0.65 0.65 0.65
 0.65 0.65 0.65 0.65 0.65 0.65 0.65 0.65 0.65 0.65 0.65 0.65 0.65 0.65
 0.65 0.65 0.65 0.65 0.65 0.65 0.65 0.65 0.5  0.5  0.5  0.5  0.5  0.5
 0.5  0.5  0.5  0.5  0.5  0.5  0.5  0.5  0.5  0.5  0.5  0.5  0.5  0.5
 0.5  0.5  0.5  0.5  0.5  0.5  0.5  0.5  0.5  0.5  0.5  0.5  0.5  0.5
 0.5  0.5  0.5  0.5  0.5  0.5  0.5  0.5  0.5  0.5  0.5  0.5  0.5  0.5
 0.5  0.5 ]",38629.661,337.90748590713264,100000000.0,0.0,1000.0
50,1000,0.0001,Linear,Environment_Gaussian,HDoC_Kano,1.0,"[0.35       0.35612245 0.3622449  0.36836735 0.3744898  0.38061224
 0.38673469 0.39285714 0.39897959 0.40510204 0.41122449 0.41734694
 0.42346939 0.42959184 0.43571429 0.44183673 0.44795918 0.45408163
 0.46020408 0.46632653 0.47244898 0.47857143 0.48469388 0.49081633
 0.49693878 0.50306122 0.50918367 0.51530612 0.52142857 0.52755102
 0.53367347 0.53979592 0.54591837 0.55204082 0.55816327 0.56428571
 0.57040816 0.57653061 0.58265306 0.58877551 0.59489796 0.60102041
 0.60714286 0.61326531 0.61938776 0.6255102  0.63163265 0.6377551
 0.64387755 0.65      ]",22521.675,209.21762025072124,100000000.0,0.0,1000.0
50,1000,0.0001,Unique_Qualified,Environment_Gaussian,HDoC_Kano,1.0,"[0.5  0.5  0.5  0.5  0.5  0.5  0.5  0.5  0.5  0.5  0.5  0.5  0.5  0.5
 0.5  0.5  0.5  0.5  0.5  0.5  0.5  0.5  0.5  0.5  0.5  0.5  0.5  0.5
 0.5  0.5  0.5  0.5  0.5  0.5  0.5  0.5  0.5  0.5  0.5  0.5  0.5  0.5
 0.5  0.5  0.5  0.5  0.5  0.5  0.5  0.65]",20265.644,192.74936740561301,100000000.0,0.0,1000.0
50,1000,0.0001,OneQuarter_Qualified,Environment_Gaussian,HDoC_Kano,1.0,"[0.65 0.65 0.65 0.65 0.65 0.65 0.65 0.65 0.65 0.65 0.65 0.65 0.5  0.5
 0.5  0.5  0.5  0.5  0.5  0.5  0.5  0.5  0.5  0.5  0.5  0.5  0.5  0.5
 0.5  0.5  0.5  0.5  0.5  0.5  0.5  0.5  0.5  0.5  0.5  0.5  0.5  0.5
 0.5  0.5  0.5  0.5  0.5  0.5  0.5  0.5 ]",18754.855,171.16498629093218,100000000.0,0.0,1000.0
50,1000,0.0001,AllWorse,Environment_Gaussian,HDoC_Kano,1.0,"[0.25 0.25 0.25 0.25 0.25 0.25 0.25 0.25 0.25 0.25 0.25 0.25 0.25 0.25
 0.25 0.25 0.25 0.25 0.25 0.25 0.25 0.25 0.25 0.25 0.25 0.25 0.25 0.25
 0.25 0.25 0.25 0.25 0.25 0.25 0.25 0.25 0.25 0.25 0.25 0.25 0.25 0.25
 0.25 0.25 0.25 0.25 0.25 0.25 0.25 0.25]",44245.676,56.56376733408057,100000000.0,0.0,1000.0
50,1000,0.0001,AllGood,Environment_Gaussian,HDoC_Kano,1.0,"[0.65 0.65 0.65 0.65 0.65 0.65 0.65 0.65 0.65 0.65 0.65 0.65 0.65 0.65
 0.65 0.65 0.65 0.65 0.65 0.65 0.65 0.65 0.65 0.65 0.65 0.65 0.65 0.65
 0.65 0.65 0.65 0.65 0.65 0.65 0.65 0.65 0.65 0.65 0.65 0.65 0.65 0.65
 0.65 0.65 0.65 0.65 0.65 0.65 0.65 0.65]",27688.693,275.60564915246385,100000000.0,0.0,1000.0
50,1000,0.0001,HalfGood,Environment_Gaussian,HDoC_Kano,1.0,"[0.65 0.65 0.65 0.65 0.65 0.65 0.65 0.65 0.65 0.65 0.65 0.65 0.65 0.65
 0.65 0.65 0.65 0.65 0.65 0.65 0.65 0.65 0.65 0.65 0.65 0.5  0.5  0.5
 0.5  0.5  0.5  0.5  0.5  0.5  0.5  0.5  0.5  0.5  0.5  0.5  0.5  0.5
 0.5  0.5  0.5  0.5  0.5  0.5  0.5  0.5 ]",21896.274,210.7740960197054,100000000.0,0.0,1000.0
40,1000,0.0001,Linear,Environment_Gaussian,HDoC_Kano,1.0,"[0.35       0.35769231 0.36538462 0.37307692 0.38076923 0.38846154
 0.39615385 0.40384615 0.41153846 0.41923077 0.42692308 0.43461538
 0.44230769 0.45       0.45769231 0.46538462 0.47307692 0.48076923
 0.48846154 0.49615385 0.50384615 0.51153846 0.51923077 0.52692308
 0.53461538 0.54230769 0.55       0.55769231 0.56538462 0.57307692
 0.58076923 0.58846154 0.59615385 0.60384615 0.61153846 0.61923077
 0.62692308 0.63461538 0.64230769 0.65      ]",18938.361,188.7617023357201,100000000.0,0.0,1000.0
40,1000,0.0001,Unique_Qualified,Environment_Gaussian,HDoC_Kano,1.0,"[0.5  0.5  0.5  0.5  0.5  0.5  0.5  0.5  0.5  0.5  0.5  0.5  0.5  0.5
 0.5  0.5  0.5  0.5  0.5  0.5  0.5  0.5  0.5  0.5  0.5  0.5  0.5  0.5
 0.5  0.5  0.5  0.5  0.5  0.5  0.5  0.5  0.5  0.5  0.5  0.65]",16205.402,148.0431299668985,100000000.0,0.0,1000.0
40,1000,0.0001,OneQuarter_Qualified,Environment_Gaussian,HDoC_Kano,1.0,"[0.65 0.65 0.65 0.65 0.65 0.65 0.65 0.65 0.65 0.65 0.5  0.5  0.5  0.5
 0.5  0.5  0.5  0.5  0.5  0.5  0.5  0.5  0.5  0.5  0.5  0.5  0.5  0.5
 0.5  0.5  0.5  0.5  0.5  0.5  0.5  0.5  0.5  0.5  0.5  0.5 ]",15316.94,145.9590614466947,100000000.0,0.0,1000.0
40,1000,0.0001,AllWorse,Environment_Gaussian,HDoC_Kano,1.0,"[0.25 0.25 0.25 0.25 0.25 0.25 0.25 0.25 0.25 0.25 0.25 0.25 0.25 0.25
 0.25 0.25 0.25 0.25 0.25 0.25 0.25 0.25 0.25 0.25 0.25 0.25 0.25 0.25
 0.25 0.25 0.25 0.25 0.25 0.25 0.25 0.25 0.25 0.25 0.25 0.25]",35116.835,50.25450690012787,100000000.0,0.0,1000.0
40,1000,0.0001,AllGood,Environment_Gaussian,HDoC_Kano,1.0,"[0.65 0.65 0.65 0.65 0.65 0.65 0.65 0.65 0.65 0.65 0.65 0.65 0.65 0.65
 0.65 0.65 0.65 0.65 0.65 0.65 0.65 0.65 0.65 0.65 0.65 0.65 0.65 0.65
 0.65 0.65 0.65 0.65 0.65 0.65 0.65 0.65 0.65 0.65 0.65 0.65]",23370.65,235.62945689259652,100000000.0,0.0,1000.0
40,1000,0.0001,HalfGood,Environment_Gaussian,HDoC_Kano,1.0,"[0.65 0.65 0.65 0.65 0.65 0.65 0.65 0.65 0.65 0.65 0.65 0.65 0.65 0.65
 0.65 0.65 0.65 0.65 0.65 0.65 0.5  0.5  0.5  0.5  0.5  0.5  0.5  0.5
 0.5  0.5  0.5  0.5  0.5  0.5  0.5  0.5  0.5  0.5  0.5  0.5 ]",18271.613,176.32075636529865,100000000.0,0.0,1000.0
30,1000,0.0001,Linear,Environment_Gaussian,HDoC_Kano,1.0,"[0.35       0.36034483 0.37068966 0.38103448 0.39137931 0.40172414
 0.41206897 0.42241379 0.43275862 0.44310345 0.45344828 0.4637931
 0.47413793 0.48448276 0.49482759 0.50517241 0.51551724 0.52586207
 0.5362069  0.54655172 0.55689655 0.56724138 0.57758621 0.58793103
 0.59827586 0.60862069 0.61896552 0.62931034 0.63965517 0.65      ]",15017.349,147.10326919956265,100000000.0,0.0,1000.0
30,1000,0.0001,Unique_Qualified,Environment_Gaussian,HDoC_Kano,1.0,"[0.5  0.5  0.5  0.5  0.5  0.5  0.5  0.5  0.5  0.5  0.5  0.5  0.5  0.5
 0.5  0.5  0.5  0.5  0.5  0.5  0.5  0.5  0.5  0.5  0.5  0.5  0.5  0.5
 0.5  0.65]",12609.279,121.01313569674575,100000000.0,0.0,1000.0
30,1000,0.0001,OneQuarter_Qualified,Environment_Gaussian,HDoC_Kano,1.0,"[0.65 0.65 0.65 0.65 0.65 0.65 0.65 0.5  0.5  0.5  0.5  0.5  0.5  0.5
 0.5  0.5  0.5  0.5  0.5  0.5  0.5  0.5  0.5  0.5  0.5  0.5  0.5  0.5
 0.5  0.5 ]",12263.137,114.26513840288736,100000000.0,0.0,1000.0
30,1000,0.0001,AllWorse,Environment_Gaussian,HDoC_Kano,1.0,"[0.25 0.25 0.25 0.25 0.25 0.25 0.25 0.25 0.25 0.25 0.25 0.25 0.25 0.25
 0.25 0.25 0.25 0.25 0.25 0.25 0.25 0.25 0.25 0.25 0.25 0.25 0.25 0.25
 0.25 0.25]",26069.287,44.13027818438266,100000000.0,0.0,1000.0
30,1000,0.0001,AllGood,Environment_Gaussian,HDoC_Kano,1.0,"[0.65 0.65 0.65 0.65 0.65 0.65 0.65 0.65 0.65 0.65 0.65 0.65 0.65 0.65
 0.65 0.65 0.65 0.65 0.65 0.65 0.65 0.65 0.65 0.65 0.65 0.65 0.65 0.65
 0.65 0.65]",18692.161,200.32258245409827,100000000.0,0.0,1000.0
30,1000,0.0001,HalfGood,Environment_Gaussian,HDoC_Kano,1.0,"[0.65 0.65 0.65 0.65 0.65 0.65 0.65 0.65 0.65 0.65 0.65 0.65 0.65 0.65
 0.65 0.5  0.5  0.5  0.5  0.5  0.5  0.5  0.5  0.5  0.5  0.5  0.5  0.5
 0.5  0.5 ]",14669.3,145.59272024383637,100000000.0,0.0,1000.0
20,1000,0.0001,Linear,Environment_Gaussian,HDoC_Kano,1.0,"[0.35       0.36578947 0.38157895 0.39736842 0.41315789 0.42894737
 0.44473684 0.46052632 0.47631579 0.49210526 0.50789474 0.52368421
 0.53947368 0.55526316 0.57105263 0.58684211 0.60263158 0.61842105
 0.63421053 0.65      ]",10998.399,115.1444969844369,100000000.0,0.0,1000.0
20,1000,0.0001,Unique_Qualified,Environment_Gaussian,HDoC_Kano,1.0,"[0.5  0.5  0.5  0.5  0.5  0.5  0.5  0.5  0.5  0.5  0.5  0.5  0.5  0.5
 0.5  0.5  0.5  0.5  0.5  0.65]",8858.478,85.94268319942077,100000000.0,0.0,1000.0
20,1000,0.0001,OneQuarter_Qualified,Environment_Gaussian,HDoC_Kano,1.0,"[0.65 0.65 0.65 0.65 0.65 0.5  0.5  0.5  0.5  0.5  0.5  0.5  0.5  0.5
 0.5  0.5  0.5  0.5  0.5  0.5 ]",9136.023,88.65863335553398,100000000.0,0.0,1000.0
20,1000,0.0001,AllWorse,Environment_Gaussian,HDoC_Kano,1.0,"[0.25 0.25 0.25 0.25 0.25 0.25 0.25 0.25 0.25 0.25 0.25 0.25 0.25 0.25
 0.25 0.25 0.25 0.25 0.25 0.25]",17122.163,35.83753661220313,100000000.0,0.0,1000.0
20,1000,0.0001,AllGood,Environment_Gaussian,HDoC_Kano,1.0,"[0.65 0.65 0.65 0.65 0.65 0.65 0.65 0.65 0.65 0.65 0.65 0.65 0.65 0.65
 0.65 0.65 0.65 0.65 0.65 0.65]",13970.821,141.22362260953017,100000000.0,0.0,1000.0
20,1000,0.0001,HalfGood,Environment_Gaussian,HDoC_Kano,1.0,"[0.65 0.65 0.65 0.65 0.65 0.65 0.65 0.65 0.65 0.65 0.5  0.5  0.5  0.5
 0.5  0.5  0.5  0.5  0.5  0.5 ]",10795.106,114.14400863279684,100000000.0,0.0,1000.0
200,1000,0.0001,Linear,Environment_Gaussian,HDoC_Kano,1.0,"[0.35       0.35150754 0.35301508 0.35452261 0.35603015 0.35753769
 0.35904523 0.36055276 0.3620603  0.36356784 0.36507538 0.36658291
 0.36809045 0.36959799 0.37110553 0.37261307 0.3741206  0.37562814
 0.37713568 0.37864322 0.38015075 0.38165829 0.38316583 0.38467337
 0.3861809  0.38768844 0.38919598 0.39070352 0.39221106 0.39371859
 0.39522613 0.39673367 0.39824121 0.39974874 0.40125628 0.40276382
 0.40427136 0.40577889 0.40728643 0.40879397 0.41030151 0.41180905
 0.41331658 0.41482412 0.41633166 0.4178392  0.41934673 0.42085427
 0.42236181 0.42386935 0.42537688 0.42688442 0.42839196 0.4298995
 0.43140704 0.43291457 0.43442211 0.43592965 0.43743719 0.43894472
 0.44045226 0.4419598  0.44346734 0.44497487 0.44648241 0.44798995
 0.44949749 0.45100503 0.45251256 0.4540201  0.45552764 0.45703518
 0.45854271 0.46005025 0.46155779 0.46306533 0.46457286 0.4660804
 0.46758794 0.46909548 0.47060302 0.47211055 0.47361809 0.47512563
 0.47663317 0.4781407  0.47964824 0.48115578 0.48266332 0.48417085
 0.48567839 0.48718593 0.48869347 0.49020101 0.49170854 0.49321608
 0.49472362 0.49623116 0.49773869 0.49924623 0.50075377 0.50226131
 0.50376884 0.50527638 0.50678392 0.50829146 0.50979899 0.51130653
 0.51281407 0.51432161 0.51582915 0.51733668 0.51884422 0.52035176
 0.5218593  0.52336683 0.52487437 0.52638191 0.52788945 0.52939698
 0.53090452 0.53241206 0.5339196  0.53542714 0.53693467 0.53844221
 0.53994975 0.54145729 0.54296482 0.54447236 0.5459799  0.54748744
 0.54899497 0.55050251 0.55201005 0.55351759 0.55502513 0.55653266
 0.5580402  0.55954774 0.56105528 0.56256281 0.56407035 0.56557789
 0.56708543 0.56859296 0.5701005  0.57160804 0.57311558 0.57462312
 0.57613065 0.57763819 0.57914573 0.58065327 0.5821608  0.58366834
 0.58517588 0.58668342 0.58819095 0.58969849 0.59120603 0.59271357
 0.59422111 0.59572864 0.59723618 0.59874372 0.60025126 0.60175879
 0.60326633 0.60477387 0.60628141 0.60778894 0.60929648 0.61080402
 0.61231156 0.6138191  0.61532663 0.61683417 0.61834171 0.61984925
 0.62135678 0.62286432 0.62437186 0.6258794  0.62738693 0.62889447
 0.63040201 0.63190955 0.63341709 0.63492462 0.63643216 0.6379397
 0.63944724 0.64095477 0.64246231 0.64396985 0.64547739 0.64698492
 0.64849246 0.65      ]",72152.128,601.2435599535482,100000000.0,0.0,1000.0
200,1000,0.0001,Unique_Qualified,Environment_Gaussian,HDoC_Kano,1.0,"[0.5  0.5  0.5  0.5  0.5  0.5  0.5  0.5  0.5  0.5  0.5  0.5  0.5  0.5
 0.5  0.5  0.5  0.5  0.5  0.5  0.5  0.5  0.5  0.5  0.5  0.5  0.5  0.5
 0.5  0.5  0.5  0.5  0.5  0.5  0.5  0.5  0.5  0.5  0.5  0.5  0.5  0.5
 0.5  0.5  0.5  0.5  0.5  0.5  0.5  0.5  0.5  0.5  0.5  0.5  0.5  0.5
 0.5  0.5  0.5  0.5  0.5  0.5  0.5  0.5  0.5  0.5  0.5  0.5  0.5  0.5
 0.5  0.5  0.5  0.5  0.5  0.5  0.5  0.5  0.5  0.5  0.5  0.5  0.5  0.5
 0.5  0.5  0.5  0.5  0.5  0.5  0.5  0.5  0.5  0.5  0.5  0.5  0.5  0.5
 0.5  0.5  0.5  0.5  0.5  0.5  0.5  0.5  0.5  0.5  0.5  0.5  0.5  0.5
 0.5  0.5  0.5  0.5  0.5  0.5  0.5  0.5  0.5  0.5  0.5  0.5  0.5  0.5
 0.5  0.5  0.5  0.5  0.5  0.5  0.5  0.5  0.5  0.5  0.5  0.5  0.5  0.5
 0.5  0.5  0.5  0.5  0.5  0.5  0.5  0.5  0.5  0.5  0.5  0.5  0.5  0.5
 0.5  0.5  0.5  0.5  0.5  0.5  0.5  0.5  0.5  0.5  0.5  0.5  0.5  0.5
 0.5  0.5  0.5  0.5  0.5  0.5  0.5  0.5  0.5  0.5  0.5  0.5  0.5  0.5
 0.5  0.5  0.5  0.5  0.5  0.5  0.5  0.5  0.5  0.5  0.5  0.5  0.5  0.5
 0.5  0.5  0.5  0.65]",82264.875,735.270834212384,100000000.0,0.0,1000.0
200,1000,0.0001,OneQuarter_Qualified,Environment_Gaussian,HDoC_Kano,1.0,"[0.65 0.65 0.65 0.65 0.65 0.65 0.65 0.65 0.65 0.65 0.65 0.65 0.65 0.65
 0.65 0.65 0.65 0.65 0.65 0.65 0.65 0.65 0.65 0.65 0.65 0.65 0.65 0.65
 0.65 0.65 0.65 0.65 0.65 0.65 0.65 0.65 0.65 0.65 0.65 0.65 0.65 0.65
 0.65 0.65 0.65 0.65 0.65 0.65 0.65 0.65 0.5  0.5  0.5  0.5  0.5  0.5
 0.5  0.5  0.5  0.5  0.5  0.5  0.5  0.5  0.5  0.5  0.5  0.5  0.5  0.5
 0.5  0.5  0.5  0.5  0.5  0.5  0.5  0.5  0.5  0.5  0.5  0.5  0.5  0.5
 0.5  0.5  0.5  0.5  0.5  0.5  0.5  0.5  0.5  0.5  0.5  0.5  0.5  0.5
 0.5  0.5  0.5  0.5  0.5  0.5  0.5  0.5  0.5  0.5  0.5  0.5  0.5  0.5
 0.5  0.5  0.5  0.5  0.5  0.5  0.5  0.5  0.5  0.5  0.5  0.5  0.5  0.5
 0.5  0.5  0.5  0.5  0.5  0.5  0.5  0.5  0.5  0.5  0.5  0.5  0.5  0.5
 0.5  0.5  0.5  0.5  0.5  0.5  0.5  0.5  0.5  0.5  0.5  0.5  0.5  0.5
 0.5  0.5  0.5  0.5  0.5  0.5  0.5  0.5  0.5  0.5  0.5  0.5  0.5  0.5
 0.5  0.5  0.5  0.5  0.5  0.5  0.5  0.5  0.5  0.5  0.5  0.5  0.5  0.5
 0.5  0.5  0.5  0.5  0.5  0.5  0.5  0.5  0.5  0.5  0.5  0.5  0.5  0.5
 0.5  0.5  0.5  0.5 ]",59030.897,477.33502188126846,100000000.0,0.0,1000.0
200,1000,0.0001,AllWorse,Environment_Gaussian,HDoC_Kano,1.0,"[0.25 0.25 0.25 0.25 0.25 0.25 0.25 0.25 0.25 0.25 0.25 0.25 0.25 0.25
 0.25 0.25 0.25 0.25 0.25 0.25 0.25 0.25 0.25 0.25 0.25 0.25 0.25 0.25
 0.25 0.25 0.25 0.25 0.25 0.25 0.25 0.25 0.25 0.25 0.25 0.25 0.25 0.25
 0.25 0.25 0.25 0.25 0.25 0.25 0.25 0.25 0.25 0.25 0.25 0.25 0.25 0.25
 0.25 0.25 0.25 0.25 0.25 0.25 0.25 0.25 0.25 0.25 0.25 0.25 0.25 0.25
 0.25 0.25 0.25 0.25 0.25 0.25 0.25 0.25 0.25 0.25 0.25 0.25 0.25 0.25
 0.25 0.25 0.25 0.25 0.25 0.25 0.25 0.25 0.25 0.25 0.25 0.25 0.25 0.25
 0.25 0.25 0.25 0.25 0.25 0.25 0.25 0.25 0.25 0.25 0.25 0.25 0.25 0.25
 0.25 0.25 0.25 0.25 0.25 0.25 0.25 0.25 0.25 0.25 0.25 0.25 0.25 0.25
 0.25 0.25 0.25 0.25 0.25 0.25 0.25 0.25 0.25 0.25 0.25 0.25 0.25 0.25
 0.25 0.25 0.25 0.25 0.25 0.25 0.25 0.25 0.25 0.25 0.25 0.25 0.25 0.25
 0.25 0.25 0.25 0.25 0.25 0.25 0.25 0.25 0.25 0.25 0.25 0.25 0.25 0.25
 0.25 0.25 0.25 0.25 0.25 0.25 0.25 0.25 0.25 0.25 0.25 0.25 0.25 0.25
 0.25 0.25 0.25 0.25 0.25 0.25 0.25 0.25 0.25 0.25 0.25 0.25 0.25 0.25
 0.25 0.25 0.25 0.25]",186619.201,116.42910311687108,100000000.0,0.0,1000.0
200,1000,0.0001,AllGood,Environment_Gaussian,HDoC_Kano,1.0,"[0.65 0.65 0.65 0.65 0.65 0.65 0.65 0.65 0.65 0.65 0.65 0.65 0.65 0.65
 0.65 0.65 0.65 0.65 0.65 0.65 0.65 0.65 0.65 0.65 0.65 0.65 0.65 0.65
 0.65 0.65 0.65 0.65 0.65 0.65 0.65 0.65 0.65 0.65 0.65 0.65 0.65 0.65
 0.65 0.65 0.65 0.65 0.65 0.65 0.65 0.65 0.65 0.65 0.65 0.65 0.65 0.65
 0.65 0.65 0.65 0.65 0.65 0.65 0.65 0.65 0.65 0.65 0.65 0.65 0.65 0.65
 0.65 0.65 0.65 0.65 0.65 0.65 0.65 0.65 0.65 0.65 0.65 0.65 0.65 0.65
 0.65 0.65 0.65 0.65 0.65 0.65 0.65 0.65 0.65 0.65 0.65 0.65 0.65 0.65
 0.65 0.65 0.65 0.65 0.65 0.65 0.65 0.65 0.65 0.65 0.65 0.65 0.65 0.65
 0.65 0.65 0.65 0.65 0.65 0.65 0.65 0.65 0.65 0.65 0.65 0.65 0.65 0.65
 0.65 0.65 0.65 0.65 0.65 0.65 0.65 0.65 0.65 0.65 0.65 0.65 0.65 0.65
 0.65 0.65 0.65 0.65 0.65 0.65 0.65 0.65 0.65 0.65 0.65 0.65 0.65 0.65
 0.65 0.65 0.65 0.65 0.65 0.65 0.65 0.65 0.65 0.65 0.65 0.65 0.65 0.65
 0.65 0.65 0.65 0.65 0.65 0.65 0.65 0.65 0.65 0.65 0.65 0.65 0.65 0.65
 0.65 0.65 0.65 0.65 0.65 0.65 0.65 0.65 0.65 0.65 0.65 0.65 0.65 0.65
 0.65 0.65 0.65 0.65]",85365.286,763.1617179734608,100000000.0,0.0,1000.0
200,1000,0.0001,HalfGood,Environment_Gaussian,HDoC_Kano,1.0,"[0.65 0.65 0.65 0.65 0.65 0.65 0.65 0.65 0.65 0.65 0.65 0.65 0.65 0.65
 0.65 0.65 0.65 0.65 0.65 0.65 0.65 0.65 0.65 0.65 0.65 0.65 0.65 0.65
 0.65 0.65 0.65 0.65 0.65 0.65 0.65 0.65 0.65 0.65 0.65 0.65 0.65 0.65
 0.65 0.65 0.65 0.65 0.65 0.65 0.65 0.65 0.65 0.65 0.65 0.65 0.65 0.65
 0.65 0.65 0.65 0.65 0.65 0.65 0.65 0.65 0.65 0.65 0.65 0.65 0.65 0.65
 0.65 0.65 0.65 0.65 0.65 0.65 0.65 0.65 0.65 0.65 0.65 0.65 0.65 0.65
 0.65 0.65 0.65 0.65 0.65 0.65 0.65 0.65 0.65 0.65 0.65 0.65 0.65 0.65
 0.65 0.65 0.5  0.5  0.5  0.5  0.5  0.5  0.5  0.5  0.5  0.5  0.5  0.5
 0.5  0.5  0.5  0.5  0.5  0.5  0.5  0.5  0.5  0.5  0.5  0.5  0.5  0.5
 0.5  0.5  0.5  0.5  0.5  0.5  0.5  0.5  0.5  0.5  0.5  0.5  0.5  0.5
 0.5  0.5  0.5  0.5  0.5  0.5  0.5  0.5  0.5  0.5  0.5  0.5  0.5  0.5
 0.5  0.5  0.5  0.5  0.5  0.5  0.5  0.5  0.5  0.5  0.5  0.5  0.5  0.5
 0.5  0.5  0.5  0.5  0.5  0.5  0.5  0.5  0.5  0.5  0.5  0.5  0.5  0.5
 0.5  0.5  0.5  0.5  0.5  0.5  0.5  0.5  0.5  0.5  0.5  0.5  0.5  0.5
 0.5  0.5  0.5  0.5 ]",69137.556,551.8335805991368,100000000.0,0.0,1000.0
