K,n_experiment,delta,instance_type,env,agent,success_rate,reward_array,mean_stop_times,std_stop_times,delta_k_,beta_k_,alpha_k_,forced-stop,count_exceed_stop,count_success
10,1000,0.001,Linear,Environment_Gaussian,SEE_recycle,1.0,"[0.35       0.38333333 0.41666667 0.45       0.48333333 0.51666667
 0.55       0.58333333 0.61666667 0.65      ]",4975.601,71.56487947170037,"delta_k_ = lambda x: 1 / 3**x
","beta_k_ = lambda x: 2**x / 4
","alpha_k_ = lambda x: 5**x
",100000000.0,0.0,1000.0
10,1000,0.001,Unique_Qualified,Environment_Gaussian,SEE_recycle,1.0,[0.5  0.5  0.5  0.5  0.5  0.5  0.5  0.5  0.5  0.65],4847.785,111.46931666954363,"delta_k_ = lambda x: 1 / 3**x
","beta_k_ = lambda x: 2**x / 4
","alpha_k_ = lambda x: 5**x
",100000000.0,0.0,1000.0
10,1000,0.001,OneQuarter_Qualified,Environment_Gaussian,SEE_recycle,1.0,[0.65 0.65 0.5  0.5  0.5  0.5  0.5  0.5  0.5  0.5 ],4254.973,52.154289950789284,"delta_k_ = lambda x: 1 / 3**x
","beta_k_ = lambda x: 2**x / 4
","alpha_k_ = lambda x: 5**x
",100000000.0,0.0,1000.0
10,1000,0.001,AllWorse,Environment_Gaussian,SEE_recycle,1.0,[0.25 0.25 0.25 0.25 0.25 0.25 0.25 0.25 0.25 0.25],6217.056,23.257862345108162,"delta_k_ = lambda x: 1 / 3**x
","beta_k_ = lambda x: 2**x / 4
","alpha_k_ = lambda x: 5**x
",100000000.0,0.0,1000.0
10,1000,0.001,AllGood,Environment_Gaussian,SEE_recycle,1.0,[0.65 0.65 0.65 0.65 0.65 0.65 0.65 0.65 0.65 0.65],3515.044,40.91123422806993,"delta_k_ = lambda x: 1 / 3**x
","beta_k_ = lambda x: 2**x / 4
","alpha_k_ = lambda x: 5**x
",100000000.0,0.0,1000.0
10,1000,0.001,HalfGood,Environment_Gaussian,SEE_recycle,1.0,[0.65 0.65 0.65 0.65 0.65 0.5  0.5  0.5  0.5  0.5 ],3778.594,46.77464818856471,"delta_k_ = lambda x: 1 / 3**x
","beta_k_ = lambda x: 2**x / 4
","alpha_k_ = lambda x: 5**x
",100000000.0,0.0,1000.0
10,1000,0.0001,Linear,Environment_Gaussian,SEE_recycle,1.0,"[0.35       0.38333333 0.41666667 0.45       0.48333333 0.51666667
 0.55       0.58333333 0.61666667 0.65      ]",5312.148,76.70961676410592,"delta_k_ = lambda x: 1 / 3**x
","beta_k_ = lambda x: 2**x / 4
","alpha_k_ = lambda x: 5**x
",100000000.0,0.0,1000.0
10,1000,0.0001,Unique_Qualified,Environment_Gaussian,SEE_recycle,1.0,[0.5  0.5  0.5  0.5  0.5  0.5  0.5  0.5  0.5  0.65],5121.194,112.87068576191075,"delta_k_ = lambda x: 1 / 3**x
","beta_k_ = lambda x: 2**x / 4
","alpha_k_ = lambda x: 5**x
",100000000.0,0.0,1000.0
10,1000,0.0001,OneQuarter_Qualified,Environment_Gaussian,SEE_recycle,1.0,[0.65 0.65 0.5  0.5  0.5  0.5  0.5  0.5  0.5  0.5 ],4507.241,51.809813345726305,"delta_k_ = lambda x: 1 / 3**x
","beta_k_ = lambda x: 2**x / 4
","alpha_k_ = lambda x: 5**x
",100000000.0,0.0,1000.0
10,1000,0.0001,AllWorse,Environment_Gaussian,SEE_recycle,1.0,[0.25 0.25 0.25 0.25 0.25 0.25 0.25 0.25 0.25 0.25],7067.382,24.730251678379663,"delta_k_ = lambda x: 1 / 3**x
","beta_k_ = lambda x: 2**x / 4
","alpha_k_ = lambda x: 5**x
",100000000.0,0.0,1000.0
10,1000,0.0001,AllGood,Environment_Gaussian,SEE_recycle,1.0,[0.65 0.65 0.65 0.65 0.65 0.65 0.65 0.65 0.65 0.65],3750.544,41.75149973430895,"delta_k_ = lambda x: 1 / 3**x
","beta_k_ = lambda x: 2**x / 4
","alpha_k_ = lambda x: 5**x
",100000000.0,0.0,1000.0
10,1000,0.0001,HalfGood,Environment_Gaussian,SEE_recycle,1.0,[0.65 0.65 0.65 0.65 0.65 0.5  0.5  0.5  0.5  0.5 ],4011.16,46.12815643834034,"delta_k_ = lambda x: 1 / 3**x
","beta_k_ = lambda x: 2**x / 4
","alpha_k_ = lambda x: 5**x
",100000000.0,0.0,1000.0
150,1000,0.001,Linear,Environment_Gaussian,SEE_recycle,1.0,"[0.35       0.35201342 0.35402685 0.35604027 0.35805369 0.36006711
 0.36208054 0.36409396 0.36610738 0.36812081 0.37013423 0.37214765
 0.37416107 0.3761745  0.37818792 0.38020134 0.38221477 0.38422819
 0.38624161 0.38825503 0.39026846 0.39228188 0.3942953  0.39630872
 0.39832215 0.40033557 0.40234899 0.40436242 0.40637584 0.40838926
 0.41040268 0.41241611 0.41442953 0.41644295 0.41845638 0.4204698
 0.42248322 0.42449664 0.42651007 0.42852349 0.43053691 0.43255034
 0.43456376 0.43657718 0.4385906  0.44060403 0.44261745 0.44463087
 0.4466443  0.44865772 0.45067114 0.45268456 0.45469799 0.45671141
 0.45872483 0.46073826 0.46275168 0.4647651  0.46677852 0.46879195
 0.47080537 0.47281879 0.47483221 0.47684564 0.47885906 0.48087248
 0.48288591 0.48489933 0.48691275 0.48892617 0.4909396  0.49295302
 0.49496644 0.49697987 0.49899329 0.50100671 0.50302013 0.50503356
 0.50704698 0.5090604  0.51107383 0.51308725 0.51510067 0.51711409
 0.51912752 0.52114094 0.52315436 0.52516779 0.52718121 0.52919463
 0.53120805 0.53322148 0.5352349  0.53724832 0.53926174 0.54127517
 0.54328859 0.54530201 0.54731544 0.54932886 0.55134228 0.5533557
 0.55536913 0.55738255 0.55939597 0.5614094  0.56342282 0.56543624
 0.56744966 0.56946309 0.57147651 0.57348993 0.57550336 0.57751678
 0.5795302  0.58154362 0.58355705 0.58557047 0.58758389 0.58959732
 0.59161074 0.59362416 0.59563758 0.59765101 0.59966443 0.60167785
 0.60369128 0.6057047  0.60771812 0.60973154 0.61174497 0.61375839
 0.61577181 0.61778523 0.61979866 0.62181208 0.6238255  0.62583893
 0.62785235 0.62986577 0.63187919 0.63389262 0.63590604 0.63791946
 0.63993289 0.64194631 0.64395973 0.64597315 0.64798658 0.65      ]",25285.008,310.9495011379436,"delta_k_ = lambda x: 1 / 3**x
","beta_k_ = lambda x: 2**x / 4
","alpha_k_ = lambda x: 5**x
",100000000.0,0.0,1000.0
150,1000,0.001,Unique_Qualified,Environment_Gaussian,SEE_recycle,1.0,"[0.5  0.5  0.5  0.5  0.5  0.5  0.5  0.5  0.5  0.5  0.5  0.5  0.5  0.5
 0.5  0.5  0.5  0.5  0.5  0.5  0.5  0.5  0.5  0.5  0.5  0.5  0.5  0.5
 0.5  0.5  0.5  0.5  0.5  0.5  0.5  0.5  0.5  0.5  0.5  0.5  0.5  0.5
 0.5  0.5  0.5  0.5  0.5  0.5  0.5  0.5  0.5  0.5  0.5  0.5  0.5  0.5
 0.5  0.5  0.5  0.5  0.5  0.5  0.5  0.5  0.5  0.5  0.5  0.5  0.5  0.5
 0.5  0.5  0.5  0.5  0.5  0.5  0.5  0.5  0.5  0.5  0.5  0.5  0.5  0.5
 0.5  0.5  0.5  0.5  0.5  0.5  0.5  0.5  0.5  0.5  0.5  0.5  0.5  0.5
 0.5  0.5  0.5  0.5  0.5  0.5  0.5  0.5  0.5  0.5  0.5  0.5  0.5  0.5
 0.5  0.5  0.5  0.5  0.5  0.5  0.5  0.5  0.5  0.5  0.5  0.5  0.5  0.5
 0.5  0.5  0.5  0.5  0.5  0.5  0.5  0.5  0.5  0.5  0.5  0.5  0.5  0.5
 0.5  0.5  0.5  0.5  0.5  0.5  0.5  0.5  0.5  0.65]",49049.171,602.7549608669837,"delta_k_ = lambda x: 1 / 3**x
","beta_k_ = lambda x: 2**x / 4
","alpha_k_ = lambda x: 5**x
",100000000.0,0.0,1000.0
150,1000,0.001,OneQuarter_Qualified,Environment_Gaussian,SEE_recycle,1.0,"[0.65 0.65 0.65 0.65 0.65 0.65 0.65 0.65 0.65 0.65 0.65 0.65 0.65 0.65
 0.65 0.65 0.65 0.65 0.65 0.65 0.65 0.65 0.65 0.65 0.65 0.65 0.65 0.65
 0.65 0.65 0.65 0.65 0.65 0.65 0.65 0.65 0.65 0.5  0.5  0.5  0.5  0.5
 0.5  0.5  0.5  0.5  0.5  0.5  0.5  0.5  0.5  0.5  0.5  0.5  0.5  0.5
 0.5  0.5  0.5  0.5  0.5  0.5  0.5  0.5  0.5  0.5  0.5  0.5  0.5  0.5
 0.5  0.5  0.5  0.5  0.5  0.5  0.5  0.5  0.5  0.5  0.5  0.5  0.5  0.5
 0.5  0.5  0.5  0.5  0.5  0.5  0.5  0.5  0.5  0.5  0.5  0.5  0.5  0.5
 0.5  0.5  0.5  0.5  0.5  0.5  0.5  0.5  0.5  0.5  0.5  0.5  0.5  0.5
 0.5  0.5  0.5  0.5  0.5  0.5  0.5  0.5  0.5  0.5  0.5  0.5  0.5  0.5
 0.5  0.5  0.5  0.5  0.5  0.5  0.5  0.5  0.5  0.5  0.5  0.5  0.5  0.5
 0.5  0.5  0.5  0.5  0.5  0.5  0.5  0.5  0.5  0.5 ]",19013.76,229.79407915871113,"delta_k_ = lambda x: 1 / 3**x
","beta_k_ = lambda x: 2**x / 4
","alpha_k_ = lambda x: 5**x
",100000000.0,0.0,1000.0
150,1000,0.001,AllWorse,Environment_Gaussian,SEE_recycle,1.0,"[0.25 0.25 0.25 0.25 0.25 0.25 0.25 0.25 0.25 0.25 0.25 0.25 0.25 0.25
 0.25 0.25 0.25 0.25 0.25 0.25 0.25 0.25 0.25 0.25 0.25 0.25 0.25 0.25
 0.25 0.25 0.25 0.25 0.25 0.25 0.25 0.25 0.25 0.25 0.25 0.25 0.25 0.25
 0.25 0.25 0.25 0.25 0.25 0.25 0.25 0.25 0.25 0.25 0.25 0.25 0.25 0.25
 0.25 0.25 0.25 0.25 0.25 0.25 0.25 0.25 0.25 0.25 0.25 0.25 0.25 0.25
 0.25 0.25 0.25 0.25 0.25 0.25 0.25 0.25 0.25 0.25 0.25 0.25 0.25 0.25
 0.25 0.25 0.25 0.25 0.25 0.25 0.25 0.25 0.25 0.25 0.25 0.25 0.25 0.25
 0.25 0.25 0.25 0.25 0.25 0.25 0.25 0.25 0.25 0.25 0.25 0.25 0.25 0.25
 0.25 0.25 0.25 0.25 0.25 0.25 0.25 0.25 0.25 0.25 0.25 0.25 0.25 0.25
 0.25 0.25 0.25 0.25 0.25 0.25 0.25 0.25 0.25 0.25 0.25 0.25 0.25 0.25
 0.25 0.25 0.25 0.25 0.25 0.25 0.25 0.25 0.25 0.25]",108382.598,89.56152003174132,"delta_k_ = lambda x: 1 / 3**x
","beta_k_ = lambda x: 2**x / 4
","alpha_k_ = lambda x: 5**x
",100000000.0,0.0,1000.0
150,1000,0.001,AllGood,Environment_Gaussian,SEE_recycle,1.0,"[0.65 0.65 0.65 0.65 0.65 0.65 0.65 0.65 0.65 0.65 0.65 0.65 0.65 0.65
 0.65 0.65 0.65 0.65 0.65 0.65 0.65 0.65 0.65 0.65 0.65 0.65 0.65 0.65
 0.65 0.65 0.65 0.65 0.65 0.65 0.65 0.65 0.65 0.65 0.65 0.65 0.65 0.65
 0.65 0.65 0.65 0.65 0.65 0.65 0.65 0.65 0.65 0.65 0.65 0.65 0.65 0.65
 0.65 0.65 0.65 0.65 0.65 0.65 0.65 0.65 0.65 0.65 0.65 0.65 0.65 0.65
 0.65 0.65 0.65 0.65 0.65 0.65 0.65 0.65 0.65 0.65 0.65 0.65 0.65 0.65
 0.65 0.65 0.65 0.65 0.65 0.65 0.65 0.65 0.65 0.65 0.65 0.65 0.65 0.65
 0.65 0.65 0.65 0.65 0.65 0.65 0.65 0.65 0.65 0.65 0.65 0.65 0.65 0.65
 0.65 0.65 0.65 0.65 0.65 0.65 0.65 0.65 0.65 0.65 0.65 0.65 0.65 0.65
 0.65 0.65 0.65 0.65 0.65 0.65 0.65 0.65 0.65 0.65 0.65 0.65 0.65 0.65
 0.65 0.65 0.65 0.65 0.65 0.65 0.65 0.65 0.65 0.65]",15030.537,237.8522150593326,"delta_k_ = lambda x: 1 / 3**x
","beta_k_ = lambda x: 2**x / 4
","alpha_k_ = lambda x: 5**x
",100000000.0,0.0,1000.0
150,1000,0.001,HalfGood,Environment_Gaussian,SEE_recycle,1.0,"[0.65 0.65 0.65 0.65 0.65 0.65 0.65 0.65 0.65 0.65 0.65 0.65 0.65 0.65
 0.65 0.65 0.65 0.65 0.65 0.65 0.65 0.65 0.65 0.65 0.65 0.65 0.65 0.65
 0.65 0.65 0.65 0.65 0.65 0.65 0.65 0.65 0.65 0.65 0.65 0.65 0.65 0.65
 0.65 0.65 0.65 0.65 0.65 0.65 0.65 0.65 0.65 0.65 0.65 0.65 0.65 0.65
 0.65 0.65 0.65 0.65 0.65 0.65 0.65 0.65 0.65 0.65 0.65 0.65 0.65 0.65
 0.65 0.65 0.65 0.65 0.65 0.5  0.5  0.5  0.5  0.5  0.5  0.5  0.5  0.5
 0.5  0.5  0.5  0.5  0.5  0.5  0.5  0.5  0.5  0.5  0.5  0.5  0.5  0.5
 0.5  0.5  0.5  0.5  0.5  0.5  0.5  0.5  0.5  0.5  0.5  0.5  0.5  0.5
 0.5  0.5  0.5  0.5  0.5  0.5  0.5  0.5  0.5  0.5  0.5  0.5  0.5  0.5
 0.5  0.5  0.5  0.5  0.5  0.5  0.5  0.5  0.5  0.5  0.5  0.5  0.5  0.5
 0.5  0.5  0.5  0.5  0.5  0.5  0.5  0.5  0.5  0.5 ]",16845.066,246.6850129652063,"delta_k_ = lambda x: 1 / 3**x
","beta_k_ = lambda x: 2**x / 4
","alpha_k_ = lambda x: 5**x
",100000000.0,0.0,1000.0
150,1000,0.0001,Linear,Environment_Gaussian,SEE_recycle,1.0,"[0.35       0.35201342 0.35402685 0.35604027 0.35805369 0.36006711
 0.36208054 0.36409396 0.36610738 0.36812081 0.37013423 0.37214765
 0.37416107 0.3761745  0.37818792 0.38020134 0.38221477 0.38422819
 0.38624161 0.38825503 0.39026846 0.39228188 0.3942953  0.39630872
 0.39832215 0.40033557 0.40234899 0.40436242 0.40637584 0.40838926
 0.41040268 0.41241611 0.41442953 0.41644295 0.41845638 0.4204698
 0.42248322 0.42449664 0.42651007 0.42852349 0.43053691 0.43255034
 0.43456376 0.43657718 0.4385906  0.44060403 0.44261745 0.44463087
 0.4466443  0.44865772 0.45067114 0.45268456 0.45469799 0.45671141
 0.45872483 0.46073826 0.46275168 0.4647651  0.46677852 0.46879195
 0.47080537 0.47281879 0.47483221 0.47684564 0.47885906 0.48087248
 0.48288591 0.48489933 0.48691275 0.48892617 0.4909396  0.49295302
 0.49496644 0.49697987 0.49899329 0.50100671 0.50302013 0.50503356
 0.50704698 0.5090604  0.51107383 0.51308725 0.51510067 0.51711409
 0.51912752 0.52114094 0.52315436 0.52516779 0.52718121 0.52919463
 0.53120805 0.53322148 0.5352349  0.53724832 0.53926174 0.54127517
 0.54328859 0.54530201 0.54731544 0.54932886 0.55134228 0.5533557
 0.55536913 0.55738255 0.55939597 0.5614094  0.56342282 0.56543624
 0.56744966 0.56946309 0.57147651 0.57348993 0.57550336 0.57751678
 0.5795302  0.58154362 0.58355705 0.58557047 0.58758389 0.58959732
 0.59161074 0.59362416 0.59563758 0.59765101 0.59966443 0.60167785
 0.60369128 0.6057047  0.60771812 0.60973154 0.61174497 0.61375839
 0.61577181 0.61778523 0.61979866 0.62181208 0.6238255  0.62583893
 0.62785235 0.62986577 0.63187919 0.63389262 0.63590604 0.63791946
 0.63993289 0.64194631 0.64395973 0.64597315 0.64798658 0.65      ]",25684.817,313.9628281429364,"delta_k_ = lambda x: 1 / 3**x
","beta_k_ = lambda x: 2**x / 4
","alpha_k_ = lambda x: 5**x
",100000000.0,0.0,1000.0
150,1000,0.0001,Unique_Qualified,Environment_Gaussian,SEE_recycle,1.0,"[0.5  0.5  0.5  0.5  0.5  0.5  0.5  0.5  0.5  0.5  0.5  0.5  0.5  0.5
 0.5  0.5  0.5  0.5  0.5  0.5  0.5  0.5  0.5  0.5  0.5  0.5  0.5  0.5
 0.5  0.5  0.5  0.5  0.5  0.5  0.5  0.5  0.5  0.5  0.5  0.5  0.5  0.5
 0.5  0.5  0.5  0.5  0.5  0.5  0.5  0.5  0.5  0.5  0.5  0.5  0.5  0.5
 0.5  0.5  0.5  0.5  0.5  0.5  0.5  0.5  0.5  0.5  0.5  0.5  0.5  0.5
 0.5  0.5  0.5  0.5  0.5  0.5  0.5  0.5  0.5  0.5  0.5  0.5  0.5  0.5
 0.5  0.5  0.5  0.5  0.5  0.5  0.5  0.5  0.5  0.5  0.5  0.5  0.5  0.5
 0.5  0.5  0.5  0.5  0.5  0.5  0.5  0.5  0.5  0.5  0.5  0.5  0.5  0.5
 0.5  0.5  0.5  0.5  0.5  0.5  0.5  0.5  0.5  0.5  0.5  0.5  0.5  0.5
 0.5  0.5  0.5  0.5  0.5  0.5  0.5  0.5  0.5  0.5  0.5  0.5  0.5  0.5
 0.5  0.5  0.5  0.5  0.5  0.5  0.5  0.5  0.5  0.65]",49570.403,612.0088421637314,"delta_k_ = lambda x: 1 / 3**x
","beta_k_ = lambda x: 2**x / 4
","alpha_k_ = lambda x: 5**x
",100000000.0,0.0,1000.0
150,1000,0.0001,OneQuarter_Qualified,Environment_Gaussian,SEE_recycle,1.0,"[0.65 0.65 0.65 0.65 0.65 0.65 0.65 0.65 0.65 0.65 0.65 0.65 0.65 0.65
 0.65 0.65 0.65 0.65 0.65 0.65 0.65 0.65 0.65 0.65 0.65 0.65 0.65 0.65
 0.65 0.65 0.65 0.65 0.65 0.65 0.65 0.65 0.65 0.5  0.5  0.5  0.5  0.5
 0.5  0.5  0.5  0.5  0.5  0.5  0.5  0.5  0.5  0.5  0.5  0.5  0.5  0.5
 0.5  0.5  0.5  0.5  0.5  0.5  0.5  0.5  0.5  0.5  0.5  0.5  0.5  0.5
 0.5  0.5  0.5  0.5  0.5  0.5  0.5  0.5  0.5  0.5  0.5  0.5  0.5  0.5
 0.5  0.5  0.5  0.5  0.5  0.5  0.5  0.5  0.5  0.5  0.5  0.5  0.5  0.5
 0.5  0.5  0.5  0.5  0.5  0.5  0.5  0.5  0.5  0.5  0.5  0.5  0.5  0.5
 0.5  0.5  0.5  0.5  0.5  0.5  0.5  0.5  0.5  0.5  0.5  0.5  0.5  0.5
 0.5  0.5  0.5  0.5  0.5  0.5  0.5  0.5  0.5  0.5  0.5  0.5  0.5  0.5
 0.5  0.5  0.5  0.5  0.5  0.5  0.5  0.5  0.5  0.5 ]",19193.153,225.04580973568693,"delta_k_ = lambda x: 1 / 3**x
","beta_k_ = lambda x: 2**x / 4
","alpha_k_ = lambda x: 5**x
",100000000.0,0.0,1000.0
150,1000,0.0001,AllWorse,Environment_Gaussian,SEE_recycle,1.0,"[0.25 0.25 0.25 0.25 0.25 0.25 0.25 0.25 0.25 0.25 0.25 0.25 0.25 0.25
 0.25 0.25 0.25 0.25 0.25 0.25 0.25 0.25 0.25 0.25 0.25 0.25 0.25 0.25
 0.25 0.25 0.25 0.25 0.25 0.25 0.25 0.25 0.25 0.25 0.25 0.25 0.25 0.25
 0.25 0.25 0.25 0.25 0.25 0.25 0.25 0.25 0.25 0.25 0.25 0.25 0.25 0.25
 0.25 0.25 0.25 0.25 0.25 0.25 0.25 0.25 0.25 0.25 0.25 0.25 0.25 0.25
 0.25 0.25 0.25 0.25 0.25 0.25 0.25 0.25 0.25 0.25 0.25 0.25 0.25 0.25
 0.25 0.25 0.25 0.25 0.25 0.25 0.25 0.25 0.25 0.25 0.25 0.25 0.25 0.25
 0.25 0.25 0.25 0.25 0.25 0.25 0.25 0.25 0.25 0.25 0.25 0.25 0.25 0.25
 0.25 0.25 0.25 0.25 0.25 0.25 0.25 0.25 0.25 0.25 0.25 0.25 0.25 0.25
 0.25 0.25 0.25 0.25 0.25 0.25 0.25 0.25 0.25 0.25 0.25 0.25 0.25 0.25
 0.25 0.25 0.25 0.25 0.25 0.25 0.25 0.25 0.25 0.25]",120899.363,94.31142081015959,"delta_k_ = lambda x: 1 / 3**x
","beta_k_ = lambda x: 2**x / 4
","alpha_k_ = lambda x: 5**x
",100000000.0,0.0,1000.0
150,1000,0.0001,AllGood,Environment_Gaussian,SEE_recycle,1.0,"[0.65 0.65 0.65 0.65 0.65 0.65 0.65 0.65 0.65 0.65 0.65 0.65 0.65 0.65
 0.65 0.65 0.65 0.65 0.65 0.65 0.65 0.65 0.65 0.65 0.65 0.65 0.65 0.65
 0.65 0.65 0.65 0.65 0.65 0.65 0.65 0.65 0.65 0.65 0.65 0.65 0.65 0.65
 0.65 0.65 0.65 0.65 0.65 0.65 0.65 0.65 0.65 0.65 0.65 0.65 0.65 0.65
 0.65 0.65 0.65 0.65 0.65 0.65 0.65 0.65 0.65 0.65 0.65 0.65 0.65 0.65
 0.65 0.65 0.65 0.65 0.65 0.65 0.65 0.65 0.65 0.65 0.65 0.65 0.65 0.65
 0.65 0.65 0.65 0.65 0.65 0.65 0.65 0.65 0.65 0.65 0.65 0.65 0.65 0.65
 0.65 0.65 0.65 0.65 0.65 0.65 0.65 0.65 0.65 0.65 0.65 0.65 0.65 0.65
 0.65 0.65 0.65 0.65 0.65 0.65 0.65 0.65 0.65 0.65 0.65 0.65 0.65 0.65
 0.65 0.65 0.65 0.65 0.65 0.65 0.65 0.65 0.65 0.65 0.65 0.65 0.65 0.65
 0.65 0.65 0.65 0.65 0.65 0.65 0.65 0.65 0.65 0.65]",15294.175,238.6434109762409,"delta_k_ = lambda x: 1 / 3**x
","beta_k_ = lambda x: 2**x / 4
","alpha_k_ = lambda x: 5**x
",100000000.0,0.0,1000.0
150,1000,0.0001,HalfGood,Environment_Gaussian,SEE_recycle,1.0,"[0.65 0.65 0.65 0.65 0.65 0.65 0.65 0.65 0.65 0.65 0.65 0.65 0.65 0.65
 0.65 0.65 0.65 0.65 0.65 0.65 0.65 0.65 0.65 0.65 0.65 0.65 0.65 0.65
 0.65 0.65 0.65 0.65 0.65 0.65 0.65 0.65 0.65 0.65 0.65 0.65 0.65 0.65
 0.65 0.65 0.65 0.65 0.65 0.65 0.65 0.65 0.65 0.65 0.65 0.65 0.65 0.65
 0.65 0.65 0.65 0.65 0.65 0.65 0.65 0.65 0.65 0.65 0.65 0.65 0.65 0.65
 0.65 0.65 0.65 0.65 0.65 0.5  0.5  0.5  0.5  0.5  0.5  0.5  0.5  0.5
 0.5  0.5  0.5  0.5  0.5  0.5  0.5  0.5  0.5  0.5  0.5  0.5  0.5  0.5
 0.5  0.5  0.5  0.5  0.5  0.5  0.5  0.5  0.5  0.5  0.5  0.5  0.5  0.5
 0.5  0.5  0.5  0.5  0.5  0.5  0.5  0.5  0.5  0.5  0.5  0.5  0.5  0.5
 0.5  0.5  0.5  0.5  0.5  0.5  0.5  0.5  0.5  0.5  0.5  0.5  0.5  0.5
 0.5  0.5  0.5  0.5  0.5  0.5  0.5  0.5  0.5  0.5 ]",17054.689,241.48338917672785,"delta_k_ = lambda x: 1 / 3**x
","beta_k_ = lambda x: 2**x / 4
","alpha_k_ = lambda x: 5**x
",100000000.0,0.0,1000.0
100,1000,0.001,Linear,Environment_Gaussian,SEE_recycle,1.0,"[0.35       0.3530303  0.35606061 0.35909091 0.36212121 0.36515152
 0.36818182 0.37121212 0.37424242 0.37727273 0.38030303 0.38333333
 0.38636364 0.38939394 0.39242424 0.39545455 0.39848485 0.40151515
 0.40454545 0.40757576 0.41060606 0.41363636 0.41666667 0.41969697
 0.42272727 0.42575758 0.42878788 0.43181818 0.43484848 0.43787879
 0.44090909 0.44393939 0.4469697  0.45       0.4530303  0.45606061
 0.45909091 0.46212121 0.46515152 0.46818182 0.47121212 0.47424242
 0.47727273 0.48030303 0.48333333 0.48636364 0.48939394 0.49242424
 0.49545455 0.49848485 0.50151515 0.50454545 0.50757576 0.51060606
 0.51363636 0.51666667 0.51969697 0.52272727 0.52575758 0.52878788
 0.53181818 0.53484848 0.53787879 0.54090909 0.54393939 0.5469697
 0.55       0.5530303  0.55606061 0.55909091 0.56212121 0.56515152
 0.56818182 0.57121212 0.57424242 0.57727273 0.58030303 0.58333333
 0.58636364 0.58939394 0.59242424 0.59545455 0.59848485 0.60151515
 0.60454545 0.60757576 0.61060606 0.61363636 0.61666667 0.61969697
 0.62272727 0.62575758 0.62878788 0.63181818 0.63484848 0.63787879
 0.64090909 0.64393939 0.6469697  0.65      ]",19983.438,271.5067759451981,"delta_k_ = lambda x: 1 / 3**x
","beta_k_ = lambda x: 2**x / 4
","alpha_k_ = lambda x: 5**x
",100000000.0,0.0,1000.0
100,1000,0.001,Unique_Qualified,Environment_Gaussian,SEE_recycle,1.0,"[0.5  0.5  0.5  0.5  0.5  0.5  0.5  0.5  0.5  0.5  0.5  0.5  0.5  0.5
 0.5  0.5  0.5  0.5  0.5  0.5  0.5  0.5  0.5  0.5  0.5  0.5  0.5  0.5
 0.5  0.5  0.5  0.5  0.5  0.5  0.5  0.5  0.5  0.5  0.5  0.5  0.5  0.5
 0.5  0.5  0.5  0.5  0.5  0.5  0.5  0.5  0.5  0.5  0.5  0.5  0.5  0.5
 0.5  0.5  0.5  0.5  0.5  0.5  0.5  0.5  0.5  0.5  0.5  0.5  0.5  0.5
 0.5  0.5  0.5  0.5  0.5  0.5  0.5  0.5  0.5  0.5  0.5  0.5  0.5  0.5
 0.5  0.5  0.5  0.5  0.5  0.5  0.5  0.5  0.5  0.5  0.5  0.5  0.5  0.5
 0.5  0.65]",33510.647,1460.8487411235947,"delta_k_ = lambda x: 1 / 3**x
","beta_k_ = lambda x: 2**x / 4
","alpha_k_ = lambda x: 5**x
",100000000.0,0.0,1000.0
100,1000,0.001,OneQuarter_Qualified,Environment_Gaussian,SEE_recycle,1.0,"[0.65 0.65 0.65 0.65 0.65 0.65 0.65 0.65 0.65 0.65 0.65 0.65 0.65 0.65
 0.65 0.65 0.65 0.65 0.65 0.65 0.65 0.65 0.65 0.65 0.65 0.5  0.5  0.5
 0.5  0.5  0.5  0.5  0.5  0.5  0.5  0.5  0.5  0.5  0.5  0.5  0.5  0.5
 0.5  0.5  0.5  0.5  0.5  0.5  0.5  0.5  0.5  0.5  0.5  0.5  0.5  0.5
 0.5  0.5  0.5  0.5  0.5  0.5  0.5  0.5  0.5  0.5  0.5  0.5  0.5  0.5
 0.5  0.5  0.5  0.5  0.5  0.5  0.5  0.5  0.5  0.5  0.5  0.5  0.5  0.5
 0.5  0.5  0.5  0.5  0.5  0.5  0.5  0.5  0.5  0.5  0.5  0.5  0.5  0.5
 0.5  0.5 ]",13890.904,173.82684111719914,"delta_k_ = lambda x: 1 / 3**x
","beta_k_ = lambda x: 2**x / 4
","alpha_k_ = lambda x: 5**x
",100000000.0,0.0,1000.0
100,1000,0.001,AllWorse,Environment_Gaussian,SEE_recycle,1.0,"[0.25 0.25 0.25 0.25 0.25 0.25 0.25 0.25 0.25 0.25 0.25 0.25 0.25 0.25
 0.25 0.25 0.25 0.25 0.25 0.25 0.25 0.25 0.25 0.25 0.25 0.25 0.25 0.25
 0.25 0.25 0.25 0.25 0.25 0.25 0.25 0.25 0.25 0.25 0.25 0.25 0.25 0.25
 0.25 0.25 0.25 0.25 0.25 0.25 0.25 0.25 0.25 0.25 0.25 0.25 0.25 0.25
 0.25 0.25 0.25 0.25 0.25 0.25 0.25 0.25 0.25 0.25 0.25 0.25 0.25 0.25
 0.25 0.25 0.25 0.25 0.25 0.25 0.25 0.25 0.25 0.25 0.25 0.25 0.25 0.25
 0.25 0.25 0.25 0.25 0.25 0.25 0.25 0.25 0.25 0.25 0.25 0.25 0.25 0.25
 0.25 0.25]",70687.89,72.11695514856406,"delta_k_ = lambda x: 1 / 3**x
","beta_k_ = lambda x: 2**x / 4
","alpha_k_ = lambda x: 5**x
",100000000.0,0.0,1000.0
100,1000,0.001,AllGood,Environment_Gaussian,SEE_recycle,1.0,"[0.65 0.65 0.65 0.65 0.65 0.65 0.65 0.65 0.65 0.65 0.65 0.65 0.65 0.65
 0.65 0.65 0.65 0.65 0.65 0.65 0.65 0.65 0.65 0.65 0.65 0.65 0.65 0.65
 0.65 0.65 0.65 0.65 0.65 0.65 0.65 0.65 0.65 0.65 0.65 0.65 0.65 0.65
 0.65 0.65 0.65 0.65 0.65 0.65 0.65 0.65 0.65 0.65 0.65 0.65 0.65 0.65
 0.65 0.65 0.65 0.65 0.65 0.65 0.65 0.65 0.65 0.65 0.65 0.65 0.65 0.65
 0.65 0.65 0.65 0.65 0.65 0.65 0.65 0.65 0.65 0.65 0.65 0.65 0.65 0.65
 0.65 0.65 0.65 0.65 0.65 0.65 0.65 0.65 0.65 0.65 0.65 0.65 0.65 0.65
 0.65 0.65]",11428.365,183.54258255177461,"delta_k_ = lambda x: 1 / 3**x
","beta_k_ = lambda x: 2**x / 4
","alpha_k_ = lambda x: 5**x
",100000000.0,0.0,1000.0
100,1000,0.001,HalfGood,Environment_Gaussian,SEE_recycle,1.0,"[0.65 0.65 0.65 0.65 0.65 0.65 0.65 0.65 0.65 0.65 0.65 0.65 0.65 0.65
 0.65 0.65 0.65 0.65 0.65 0.65 0.65 0.65 0.65 0.65 0.65 0.65 0.65 0.65
 0.65 0.65 0.65 0.65 0.65 0.65 0.65 0.65 0.65 0.65 0.65 0.65 0.65 0.65
 0.65 0.65 0.65 0.65 0.65 0.65 0.65 0.65 0.5  0.5  0.5  0.5  0.5  0.5
 0.5  0.5  0.5  0.5  0.5  0.5  0.5  0.5  0.5  0.5  0.5  0.5  0.5  0.5
 0.5  0.5  0.5  0.5  0.5  0.5  0.5  0.5  0.5  0.5  0.5  0.5  0.5  0.5
 0.5  0.5  0.5  0.5  0.5  0.5  0.5  0.5  0.5  0.5  0.5  0.5  0.5  0.5
 0.5  0.5 ]",12617.863,173.39840274417466,"delta_k_ = lambda x: 1 / 3**x
","beta_k_ = lambda x: 2**x / 4
","alpha_k_ = lambda x: 5**x
",100000000.0,0.0,1000.0
100,1000,0.0001,Linear,Environment_Gaussian,SEE_recycle,1.0,"[0.35       0.3530303  0.35606061 0.35909091 0.36212121 0.36515152
 0.36818182 0.37121212 0.37424242 0.37727273 0.38030303 0.38333333
 0.38636364 0.38939394 0.39242424 0.39545455 0.39848485 0.40151515
 0.40454545 0.40757576 0.41060606 0.41363636 0.41666667 0.41969697
 0.42272727 0.42575758 0.42878788 0.43181818 0.43484848 0.43787879
 0.44090909 0.44393939 0.4469697  0.45       0.4530303  0.45606061
 0.45909091 0.46212121 0.46515152 0.46818182 0.47121212 0.47424242
 0.47727273 0.48030303 0.48333333 0.48636364 0.48939394 0.49242424
 0.49545455 0.49848485 0.50151515 0.50454545 0.50757576 0.51060606
 0.51363636 0.51666667 0.51969697 0.52272727 0.52575758 0.52878788
 0.53181818 0.53484848 0.53787879 0.54090909 0.54393939 0.5469697
 0.55       0.5530303  0.55606061 0.55909091 0.56212121 0.56515152
 0.56818182 0.57121212 0.57424242 0.57727273 0.58030303 0.58333333
 0.58636364 0.58939394 0.59242424 0.59545455 0.59848485 0.60151515
 0.60454545 0.60757576 0.61060606 0.61363636 0.61666667 0.61969697
 0.62272727 0.62575758 0.62878788 0.63181818 0.63484848 0.63787879
 0.64090909 0.64393939 0.6469697  0.65      ]",20155.531,246.17468264839704,"delta_k_ = lambda x: 1 / 3**x
","beta_k_ = lambda x: 2**x / 4
","alpha_k_ = lambda x: 5**x
",100000000.0,0.0,1000.0
100,1000,0.0001,Unique_Qualified,Environment_Gaussian,SEE_recycle,1.0,"[0.5  0.5  0.5  0.5  0.5  0.5  0.5  0.5  0.5  0.5  0.5  0.5  0.5  0.5
 0.5  0.5  0.5  0.5  0.5  0.5  0.5  0.5  0.5  0.5  0.5  0.5  0.5  0.5
 0.5  0.5  0.5  0.5  0.5  0.5  0.5  0.5  0.5  0.5  0.5  0.5  0.5  0.5
 0.5  0.5  0.5  0.5  0.5  0.5  0.5  0.5  0.5  0.5  0.5  0.5  0.5  0.5
 0.5  0.5  0.5  0.5  0.5  0.5  0.5  0.5  0.5  0.5  0.5  0.5  0.5  0.5
 0.5  0.5  0.5  0.5  0.5  0.5  0.5  0.5  0.5  0.5  0.5  0.5  0.5  0.5
 0.5  0.5  0.5  0.5  0.5  0.5  0.5  0.5  0.5  0.5  0.5  0.5  0.5  0.5
 0.5  0.65]",33605.876,1460.131097462356,"delta_k_ = lambda x: 1 / 3**x
","beta_k_ = lambda x: 2**x / 4
","alpha_k_ = lambda x: 5**x
",100000000.0,0.0,1000.0
100,1000,0.0001,OneQuarter_Qualified,Environment_Gaussian,SEE_recycle,1.0,"[0.65 0.65 0.65 0.65 0.65 0.65 0.65 0.65 0.65 0.65 0.65 0.65 0.65 0.65
 0.65 0.65 0.65 0.65 0.65 0.65 0.65 0.65 0.65 0.65 0.65 0.5  0.5  0.5
 0.5  0.5  0.5  0.5  0.5  0.5  0.5  0.5  0.5  0.5  0.5  0.5  0.5  0.5
 0.5  0.5  0.5  0.5  0.5  0.5  0.5  0.5  0.5  0.5  0.5  0.5  0.5  0.5
 0.5  0.5  0.5  0.5  0.5  0.5  0.5  0.5  0.5  0.5  0.5  0.5  0.5  0.5
 0.5  0.5  0.5  0.5  0.5  0.5  0.5  0.5  0.5  0.5  0.5  0.5  0.5  0.5
 0.5  0.5  0.5  0.5  0.5  0.5  0.5  0.5  0.5  0.5  0.5  0.5  0.5  0.5
 0.5  0.5 ]",14124.829,170.60722843935716,"delta_k_ = lambda x: 1 / 3**x
","beta_k_ = lambda x: 2**x / 4
","alpha_k_ = lambda x: 5**x
",100000000.0,0.0,1000.0
100,1000,0.0001,AllWorse,Environment_Gaussian,SEE_recycle,1.0,"[0.25 0.25 0.25 0.25 0.25 0.25 0.25 0.25 0.25 0.25 0.25 0.25 0.25 0.25
 0.25 0.25 0.25 0.25 0.25 0.25 0.25 0.25 0.25 0.25 0.25 0.25 0.25 0.25
 0.25 0.25 0.25 0.25 0.25 0.25 0.25 0.25 0.25 0.25 0.25 0.25 0.25 0.25
 0.25 0.25 0.25 0.25 0.25 0.25 0.25 0.25 0.25 0.25 0.25 0.25 0.25 0.25
 0.25 0.25 0.25 0.25 0.25 0.25 0.25 0.25 0.25 0.25 0.25 0.25 0.25 0.25
 0.25 0.25 0.25 0.25 0.25 0.25 0.25 0.25 0.25 0.25 0.25 0.25 0.25 0.25
 0.25 0.25 0.25 0.25 0.25 0.25 0.25 0.25 0.25 0.25 0.25 0.25 0.25 0.25
 0.25 0.25]",79013.079,78.54561788387052,"delta_k_ = lambda x: 1 / 3**x
","beta_k_ = lambda x: 2**x / 4
","alpha_k_ = lambda x: 5**x
",100000000.0,0.0,1000.0
100,1000,0.0001,AllGood,Environment_Gaussian,SEE_recycle,1.0,"[0.65 0.65 0.65 0.65 0.65 0.65 0.65 0.65 0.65 0.65 0.65 0.65 0.65 0.65
 0.65 0.65 0.65 0.65 0.65 0.65 0.65 0.65 0.65 0.65 0.65 0.65 0.65 0.65
 0.65 0.65 0.65 0.65 0.65 0.65 0.65 0.65 0.65 0.65 0.65 0.65 0.65 0.65
 0.65 0.65 0.65 0.65 0.65 0.65 0.65 0.65 0.65 0.65 0.65 0.65 0.65 0.65
 0.65 0.65 0.65 0.65 0.65 0.65 0.65 0.65 0.65 0.65 0.65 0.65 0.65 0.65
 0.65 0.65 0.65 0.65 0.65 0.65 0.65 0.65 0.65 0.65 0.65 0.65 0.65 0.65
 0.65 0.65 0.65 0.65 0.65 0.65 0.65 0.65 0.65 0.65 0.65 0.65 0.65 0.65
 0.65 0.65]",11670.275,184.02113036652884,"delta_k_ = lambda x: 1 / 3**x
","beta_k_ = lambda x: 2**x / 4
","alpha_k_ = lambda x: 5**x
",100000000.0,0.0,1000.0
100,1000,0.0001,HalfGood,Environment_Gaussian,SEE_recycle,1.0,"[0.65 0.65 0.65 0.65 0.65 0.65 0.65 0.65 0.65 0.65 0.65 0.65 0.65 0.65
 0.65 0.65 0.65 0.65 0.65 0.65 0.65 0.65 0.65 0.65 0.65 0.65 0.65 0.65
 0.65 0.65 0.65 0.65 0.65 0.65 0.65 0.65 0.65 0.65 0.65 0.65 0.65 0.65
 0.65 0.65 0.65 0.65 0.65 0.65 0.65 0.65 0.5  0.5  0.5  0.5  0.5  0.5
 0.5  0.5  0.5  0.5  0.5  0.5  0.5  0.5  0.5  0.5  0.5  0.5  0.5  0.5
 0.5  0.5  0.5  0.5  0.5  0.5  0.5  0.5  0.5  0.5  0.5  0.5  0.5  0.5
 0.5  0.5  0.5  0.5  0.5  0.5  0.5  0.5  0.5  0.5  0.5  0.5  0.5  0.5
 0.5  0.5 ]",12864.182,172.82467791052295,"delta_k_ = lambda x: 1 / 3**x
","beta_k_ = lambda x: 2**x / 4
","alpha_k_ = lambda x: 5**x
",100000000.0,0.0,1000.0
50,1000,0.001,Linear,Environment_Gaussian,SEE_recycle,1.0,"[0.35       0.35612245 0.3622449  0.36836735 0.3744898  0.38061224
 0.38673469 0.39285714 0.39897959 0.40510204 0.41122449 0.41734694
 0.42346939 0.42959184 0.43571429 0.44183673 0.44795918 0.45408163
 0.46020408 0.46632653 0.47244898 0.47857143 0.48469388 0.49081633
 0.49693878 0.50306122 0.50918367 0.51530612 0.52142857 0.52755102
 0.53367347 0.53979592 0.54591837 0.55204082 0.55816327 0.56428571
 0.57040816 0.57653061 0.58265306 0.58877551 0.59489796 0.60102041
 0.60714286 0.61326531 0.61938776 0.6255102  0.63163265 0.6377551
 0.64387755 0.65      ]",12028.85,153.13611876856487,"delta_k_ = lambda x: 1 / 3**x
","beta_k_ = lambda x: 2**x / 4
","alpha_k_ = lambda x: 5**x
",100000000.0,0.0,1000.0
50,1000,0.001,Unique_Qualified,Environment_Gaussian,SEE_recycle,1.0,"[0.5  0.5  0.5  0.5  0.5  0.5  0.5  0.5  0.5  0.5  0.5  0.5  0.5  0.5
 0.5  0.5  0.5  0.5  0.5  0.5  0.5  0.5  0.5  0.5  0.5  0.5  0.5  0.5
 0.5  0.5  0.5  0.5  0.5  0.5  0.5  0.5  0.5  0.5  0.5  0.5  0.5  0.5
 0.5  0.5  0.5  0.5  0.5  0.5  0.5  0.65]",16100.883,205.61335535735756,"delta_k_ = lambda x: 1 / 3**x
","beta_k_ = lambda x: 2**x / 4
","alpha_k_ = lambda x: 5**x
",100000000.0,0.0,1000.0
50,1000,0.001,OneQuarter_Qualified,Environment_Gaussian,SEE_recycle,1.0,"[0.65 0.65 0.65 0.65 0.65 0.65 0.65 0.65 0.65 0.65 0.65 0.65 0.5  0.5
 0.5  0.5  0.5  0.5  0.5  0.5  0.5  0.5  0.5  0.5  0.5  0.5  0.5  0.5
 0.5  0.5  0.5  0.5  0.5  0.5  0.5  0.5  0.5  0.5  0.5  0.5  0.5  0.5
 0.5  0.5  0.5  0.5  0.5  0.5  0.5  0.5 ]",8686.14,107.55542287769595,"delta_k_ = lambda x: 1 / 3**x
","beta_k_ = lambda x: 2**x / 4
","alpha_k_ = lambda x: 5**x
",100000000.0,0.0,1000.0
50,1000,0.001,AllWorse,Environment_Gaussian,SEE_recycle,1.0,"[0.25 0.25 0.25 0.25 0.25 0.25 0.25 0.25 0.25 0.25 0.25 0.25 0.25 0.25
 0.25 0.25 0.25 0.25 0.25 0.25 0.25 0.25 0.25 0.25 0.25 0.25 0.25 0.25
 0.25 0.25 0.25 0.25 0.25 0.25 0.25 0.25 0.25 0.25 0.25 0.25 0.25 0.25
 0.25 0.25 0.25 0.25 0.25 0.25 0.25 0.25]",34082.483,50.41597688938498,"delta_k_ = lambda x: 1 / 3**x
","beta_k_ = lambda x: 2**x / 4
","alpha_k_ = lambda x: 5**x
",100000000.0,0.0,1000.0
50,1000,0.001,AllGood,Environment_Gaussian,SEE_recycle,1.0,"[0.65 0.65 0.65 0.65 0.65 0.65 0.65 0.65 0.65 0.65 0.65 0.65 0.65 0.65
 0.65 0.65 0.65 0.65 0.65 0.65 0.65 0.65 0.65 0.65 0.65 0.65 0.65 0.65
 0.65 0.65 0.65 0.65 0.65 0.65 0.65 0.65 0.65 0.65 0.65 0.65 0.65 0.65
 0.65 0.65 0.65 0.65 0.65 0.65 0.65 0.65]",7555.366,111.9047144406526,"delta_k_ = lambda x: 1 / 3**x
","beta_k_ = lambda x: 2**x / 4
","alpha_k_ = lambda x: 5**x
",100000000.0,0.0,1000.0
50,1000,0.001,HalfGood,Environment_Gaussian,SEE_recycle,1.0,"[0.65 0.65 0.65 0.65 0.65 0.65 0.65 0.65 0.65 0.65 0.65 0.65 0.65 0.65
 0.65 0.65 0.65 0.65 0.65 0.65 0.65 0.65 0.65 0.65 0.65 0.5  0.5  0.5
 0.5  0.5  0.5  0.5  0.5  0.5  0.5  0.5  0.5  0.5  0.5  0.5  0.5  0.5
 0.5  0.5  0.5  0.5  0.5  0.5  0.5  0.5 ]",8019.55,104.02449171949844,"delta_k_ = lambda x: 1 / 3**x
","beta_k_ = lambda x: 2**x / 4
","alpha_k_ = lambda x: 5**x
",100000000.0,0.0,1000.0
50,1000,0.0001,Linear,Environment_Gaussian,SEE_recycle,1.0,"[0.35       0.35612245 0.3622449  0.36836735 0.3744898  0.38061224
 0.38673469 0.39285714 0.39897959 0.40510204 0.41122449 0.41734694
 0.42346939 0.42959184 0.43571429 0.44183673 0.44795918 0.45408163
 0.46020408 0.46632653 0.47244898 0.47857143 0.48469388 0.49081633
 0.49693878 0.50306122 0.50918367 0.51530612 0.52142857 0.52755102
 0.53367347 0.53979592 0.54591837 0.55204082 0.55816327 0.56428571
 0.57040816 0.57653061 0.58265306 0.58877551 0.59489796 0.60102041
 0.60714286 0.61326531 0.61938776 0.6255102  0.63163265 0.6377551
 0.64387755 0.65      ]",12362.988,158.0190241706865,"delta_k_ = lambda x: 1 / 3**x
","beta_k_ = lambda x: 2**x / 4
","alpha_k_ = lambda x: 5**x
",100000000.0,0.0,1000.0
50,1000,0.0001,Unique_Qualified,Environment_Gaussian,SEE_recycle,1.0,"[0.5  0.5  0.5  0.5  0.5  0.5  0.5  0.5  0.5  0.5  0.5  0.5  0.5  0.5
 0.5  0.5  0.5  0.5  0.5  0.5  0.5  0.5  0.5  0.5  0.5  0.5  0.5  0.5
 0.5  0.5  0.5  0.5  0.5  0.5  0.5  0.5  0.5  0.5  0.5  0.5  0.5  0.5
 0.5  0.5  0.5  0.5  0.5  0.5  0.5  0.65]",16346.937,206.26340692190414,"delta_k_ = lambda x: 1 / 3**x
","beta_k_ = lambda x: 2**x / 4
","alpha_k_ = lambda x: 5**x
",100000000.0,0.0,1000.0
50,1000,0.0001,OneQuarter_Qualified,Environment_Gaussian,SEE_recycle,1.0,"[0.65 0.65 0.65 0.65 0.65 0.65 0.65 0.65 0.65 0.65 0.65 0.65 0.5  0.5
 0.5  0.5  0.5  0.5  0.5  0.5  0.5  0.5  0.5  0.5  0.5  0.5  0.5  0.5
 0.5  0.5  0.5  0.5  0.5  0.5  0.5  0.5  0.5  0.5  0.5  0.5  0.5  0.5
 0.5  0.5  0.5  0.5  0.5  0.5  0.5  0.5 ]",8913.99,106.19555660148875,"delta_k_ = lambda x: 1 / 3**x
","beta_k_ = lambda x: 2**x / 4
","alpha_k_ = lambda x: 5**x
",100000000.0,0.0,1000.0
50,1000,0.0001,AllWorse,Environment_Gaussian,SEE_recycle,1.0,"[0.25 0.25 0.25 0.25 0.25 0.25 0.25 0.25 0.25 0.25 0.25 0.25 0.25 0.25
 0.25 0.25 0.25 0.25 0.25 0.25 0.25 0.25 0.25 0.25 0.25 0.25 0.25 0.25
 0.25 0.25 0.25 0.25 0.25 0.25 0.25 0.25 0.25 0.25 0.25 0.25 0.25 0.25
 0.25 0.25 0.25 0.25 0.25 0.25 0.25 0.25]",38238.734,52.74326003617903,"delta_k_ = lambda x: 1 / 3**x
","beta_k_ = lambda x: 2**x / 4
","alpha_k_ = lambda x: 5**x
",100000000.0,0.0,1000.0
50,1000,0.0001,AllGood,Environment_Gaussian,SEE_recycle,1.0,"[0.65 0.65 0.65 0.65 0.65 0.65 0.65 0.65 0.65 0.65 0.65 0.65 0.65 0.65
 0.65 0.65 0.65 0.65 0.65 0.65 0.65 0.65 0.65 0.65 0.65 0.65 0.65 0.65
 0.65 0.65 0.65 0.65 0.65 0.65 0.65 0.65 0.65 0.65 0.65 0.65 0.65 0.65
 0.65 0.65 0.65 0.65 0.65 0.65 0.65 0.65]",7800.019,111.94385739574548,"delta_k_ = lambda x: 1 / 3**x
","beta_k_ = lambda x: 2**x / 4
","alpha_k_ = lambda x: 5**x
",100000000.0,0.0,1000.0
50,1000,0.0001,HalfGood,Environment_Gaussian,SEE_recycle,1.0,"[0.65 0.65 0.65 0.65 0.65 0.65 0.65 0.65 0.65 0.65 0.65 0.65 0.65 0.65
 0.65 0.65 0.65 0.65 0.65 0.65 0.65 0.65 0.65 0.65 0.65 0.5  0.5  0.5
 0.5  0.5  0.5  0.5  0.5  0.5  0.5  0.5  0.5  0.5  0.5  0.5  0.5  0.5
 0.5  0.5  0.5  0.5  0.5  0.5  0.5  0.5 ]",8326.131,107.20184870532317,"delta_k_ = lambda x: 1 / 3**x
","beta_k_ = lambda x: 2**x / 4
","alpha_k_ = lambda x: 5**x
",100000000.0,0.0,1000.0
40,1000,0.001,Linear,Environment_Gaussian,SEE_recycle,1.0,"[0.35       0.35769231 0.36538462 0.37307692 0.38076923 0.38846154
 0.39615385 0.40384615 0.41153846 0.41923077 0.42692308 0.43461538
 0.44230769 0.45       0.45769231 0.46538462 0.47307692 0.48076923
 0.48846154 0.49615385 0.50384615 0.51153846 0.51923077 0.52692308
 0.53461538 0.54230769 0.55       0.55769231 0.56538462 0.57307692
 0.58076923 0.58846154 0.59615385 0.60384615 0.61153846 0.61923077
 0.62692308 0.63461538 0.64230769 0.65      ]",10625.781,129.0804744453591,"delta_k_ = lambda x: 1 / 3**x
","beta_k_ = lambda x: 2**x / 4
","alpha_k_ = lambda x: 5**x
",100000000.0,0.0,1000.0
40,1000,0.001,Unique_Qualified,Environment_Gaussian,SEE_recycle,1.0,"[0.5  0.5  0.5  0.5  0.5  0.5  0.5  0.5  0.5  0.5  0.5  0.5  0.5  0.5
 0.5  0.5  0.5  0.5  0.5  0.5  0.5  0.5  0.5  0.5  0.5  0.5  0.5  0.5
 0.5  0.5  0.5  0.5  0.5  0.5  0.5  0.5  0.5  0.5  0.5  0.65]",13029.593,158.4134067096311,"delta_k_ = lambda x: 1 / 3**x
","beta_k_ = lambda x: 2**x / 4
","alpha_k_ = lambda x: 5**x
",100000000.0,0.0,1000.0
40,1000,0.001,OneQuarter_Qualified,Environment_Gaussian,SEE_recycle,1.0,"[0.65 0.65 0.65 0.65 0.65 0.65 0.65 0.65 0.65 0.65 0.5  0.5  0.5  0.5
 0.5  0.5  0.5  0.5  0.5  0.5  0.5  0.5  0.5  0.5  0.5  0.5  0.5  0.5
 0.5  0.5  0.5  0.5  0.5  0.5  0.5  0.5  0.5  0.5  0.5  0.5 ]",7576.286,103.23057671157322,"delta_k_ = lambda x: 1 / 3**x
","beta_k_ = lambda x: 2**x / 4
","alpha_k_ = lambda x: 5**x
",100000000.0,0.0,1000.0
40,1000,0.001,AllWorse,Environment_Gaussian,SEE_recycle,1.0,"[0.25 0.25 0.25 0.25 0.25 0.25 0.25 0.25 0.25 0.25 0.25 0.25 0.25 0.25
 0.25 0.25 0.25 0.25 0.25 0.25 0.25 0.25 0.25 0.25 0.25 0.25 0.25 0.25
 0.25 0.25 0.25 0.25 0.25 0.25 0.25 0.25 0.25 0.25 0.25 0.25]",26946.718,47.48875606368311,"delta_k_ = lambda x: 1 / 3**x
","beta_k_ = lambda x: 2**x / 4
","alpha_k_ = lambda x: 5**x
",100000000.0,0.0,1000.0
40,1000,0.001,AllGood,Environment_Gaussian,SEE_recycle,1.0,"[0.65 0.65 0.65 0.65 0.65 0.65 0.65 0.65 0.65 0.65 0.65 0.65 0.65 0.65
 0.65 0.65 0.65 0.65 0.65 0.65 0.65 0.65 0.65 0.65 0.65 0.65 0.65 0.65
 0.65 0.65 0.65 0.65 0.65 0.65 0.65 0.65 0.65 0.65 0.65 0.65]",6620.298,91.51614654909811,"delta_k_ = lambda x: 1 / 3**x
","beta_k_ = lambda x: 2**x / 4
","alpha_k_ = lambda x: 5**x
",100000000.0,0.0,1000.0
40,1000,0.001,HalfGood,Environment_Gaussian,SEE_recycle,1.0,"[0.65 0.65 0.65 0.65 0.65 0.65 0.65 0.65 0.65 0.65 0.65 0.65 0.65 0.65
 0.65 0.65 0.65 0.65 0.65 0.65 0.5  0.5  0.5  0.5  0.5  0.5  0.5  0.5
 0.5  0.5  0.5  0.5  0.5  0.5  0.5  0.5  0.5  0.5  0.5  0.5 ]",7033.823,92.82484974224845,"delta_k_ = lambda x: 1 / 3**x
","beta_k_ = lambda x: 2**x / 4
","alpha_k_ = lambda x: 5**x
",100000000.0,0.0,1000.0
40,1000,0.0001,Linear,Environment_Gaussian,SEE_recycle,1.0,"[0.35       0.35769231 0.36538462 0.37307692 0.38076923 0.38846154
 0.39615385 0.40384615 0.41153846 0.41923077 0.42692308 0.43461538
 0.44230769 0.45       0.45769231 0.46538462 0.47307692 0.48076923
 0.48846154 0.49615385 0.50384615 0.51153846 0.51923077 0.52692308
 0.53461538 0.54230769 0.55       0.55769231 0.56538462 0.57307692
 0.58076923 0.58846154 0.59615385 0.60384615 0.61153846 0.61923077
 0.62692308 0.63461538 0.64230769 0.65      ]",10900.689,127.45937630586067,"delta_k_ = lambda x: 1 / 3**x
","beta_k_ = lambda x: 2**x / 4
","alpha_k_ = lambda x: 5**x
",100000000.0,0.0,1000.0
40,1000,0.0001,Unique_Qualified,Environment_Gaussian,SEE_recycle,1.0,"[0.5  0.5  0.5  0.5  0.5  0.5  0.5  0.5  0.5  0.5  0.5  0.5  0.5  0.5
 0.5  0.5  0.5  0.5  0.5  0.5  0.5  0.5  0.5  0.5  0.5  0.5  0.5  0.5
 0.5  0.5  0.5  0.5  0.5  0.5  0.5  0.5  0.5  0.5  0.5  0.65]",13304.306,158.48673108611965,"delta_k_ = lambda x: 1 / 3**x
","beta_k_ = lambda x: 2**x / 4
","alpha_k_ = lambda x: 5**x
",100000000.0,0.0,1000.0
40,1000,0.0001,OneQuarter_Qualified,Environment_Gaussian,SEE_recycle,1.0,"[0.65 0.65 0.65 0.65 0.65 0.65 0.65 0.65 0.65 0.65 0.5  0.5  0.5  0.5
 0.5  0.5  0.5  0.5  0.5  0.5  0.5  0.5  0.5  0.5  0.5  0.5  0.5  0.5
 0.5  0.5  0.5  0.5  0.5  0.5  0.5  0.5  0.5  0.5  0.5  0.5 ]",7791.529,96.29457632265175,"delta_k_ = lambda x: 1 / 3**x
","beta_k_ = lambda x: 2**x / 4
","alpha_k_ = lambda x: 5**x
",100000000.0,0.0,1000.0
40,1000,0.0001,AllWorse,Environment_Gaussian,SEE_recycle,1.0,"[0.25 0.25 0.25 0.25 0.25 0.25 0.25 0.25 0.25 0.25 0.25 0.25 0.25 0.25
 0.25 0.25 0.25 0.25 0.25 0.25 0.25 0.25 0.25 0.25 0.25 0.25 0.25 0.25
 0.25 0.25 0.25 0.25 0.25 0.25 0.25 0.25 0.25 0.25 0.25 0.25]",30301.342,49.52914167473529,"delta_k_ = lambda x: 1 / 3**x
","beta_k_ = lambda x: 2**x / 4
","alpha_k_ = lambda x: 5**x
",100000000.0,0.0,1000.0
40,1000,0.0001,AllGood,Environment_Gaussian,SEE_recycle,1.0,"[0.65 0.65 0.65 0.65 0.65 0.65 0.65 0.65 0.65 0.65 0.65 0.65 0.65 0.65
 0.65 0.65 0.65 0.65 0.65 0.65 0.65 0.65 0.65 0.65 0.65 0.65 0.65 0.65
 0.65 0.65 0.65 0.65 0.65 0.65 0.65 0.65 0.65 0.65 0.65 0.65]",6858.851,91.71058128045533,"delta_k_ = lambda x: 1 / 3**x
","beta_k_ = lambda x: 2**x / 4
","alpha_k_ = lambda x: 5**x
",100000000.0,0.0,1000.0
40,1000,0.0001,HalfGood,Environment_Gaussian,SEE_recycle,1.0,"[0.65 0.65 0.65 0.65 0.65 0.65 0.65 0.65 0.65 0.65 0.65 0.65 0.65 0.65
 0.65 0.65 0.65 0.65 0.65 0.65 0.5  0.5  0.5  0.5  0.5  0.5  0.5  0.5
 0.5  0.5  0.5  0.5  0.5  0.5  0.5  0.5  0.5  0.5  0.5  0.5 ]",7304.639,94.117666294267,"delta_k_ = lambda x: 1 / 3**x
","beta_k_ = lambda x: 2**x / 4
","alpha_k_ = lambda x: 5**x
",100000000.0,0.0,1000.0
30,1000,0.001,Linear,Environment_Gaussian,SEE_recycle,1.0,"[0.35       0.36034483 0.37068966 0.38103448 0.39137931 0.40172414
 0.41206897 0.42241379 0.43275862 0.44310345 0.45344828 0.4637931
 0.47413793 0.48448276 0.49482759 0.50517241 0.51551724 0.52586207
 0.5362069  0.54655172 0.55689655 0.56724138 0.57758621 0.58793103
 0.59827586 0.60862069 0.61896552 0.62931034 0.63965517 0.65      ]",8940.929,112.59573240562452,"delta_k_ = lambda x: 1 / 3**x
","beta_k_ = lambda x: 2**x / 4
","alpha_k_ = lambda x: 5**x
",100000000.0,0.0,1000.0
30,1000,0.001,Unique_Qualified,Environment_Gaussian,SEE_recycle,1.0,"[0.5  0.5  0.5  0.5  0.5  0.5  0.5  0.5  0.5  0.5  0.5  0.5  0.5  0.5
 0.5  0.5  0.5  0.5  0.5  0.5  0.5  0.5  0.5  0.5  0.5  0.5  0.5  0.5
 0.5  0.65]",10929.251,375.57957526468215,"delta_k_ = lambda x: 1 / 3**x
","beta_k_ = lambda x: 2**x / 4
","alpha_k_ = lambda x: 5**x
",100000000.0,0.0,1000.0
30,1000,0.001,OneQuarter_Qualified,Environment_Gaussian,SEE_recycle,1.0,"[0.65 0.65 0.65 0.65 0.65 0.65 0.65 0.5  0.5  0.5  0.5  0.5  0.5  0.5
 0.5  0.5  0.5  0.5  0.5  0.5  0.5  0.5  0.5  0.5  0.5  0.5  0.5  0.5
 0.5  0.5 ]",6619.37,84.12862495666978,"delta_k_ = lambda x: 1 / 3**x
","beta_k_ = lambda x: 2**x / 4
","alpha_k_ = lambda x: 5**x
",100000000.0,0.0,1000.0
30,1000,0.001,AllWorse,Environment_Gaussian,SEE_recycle,1.0,"[0.25 0.25 0.25 0.25 0.25 0.25 0.25 0.25 0.25 0.25 0.25 0.25 0.25 0.25
 0.25 0.25 0.25 0.25 0.25 0.25 0.25 0.25 0.25 0.25 0.25 0.25 0.25 0.25
 0.25 0.25]",19900.299,40.27784777764324,"delta_k_ = lambda x: 1 / 3**x
","beta_k_ = lambda x: 2**x / 4
","alpha_k_ = lambda x: 5**x
",100000000.0,0.0,1000.0
30,1000,0.001,AllGood,Environment_Gaussian,SEE_recycle,1.0,"[0.65 0.65 0.65 0.65 0.65 0.65 0.65 0.65 0.65 0.65 0.65 0.65 0.65 0.65
 0.65 0.65 0.65 0.65 0.65 0.65 0.65 0.65 0.65 0.65 0.65 0.65 0.65 0.65
 0.65 0.65]",5479.098,75.32249206177396,"delta_k_ = lambda x: 1 / 3**x
","beta_k_ = lambda x: 2**x / 4
","alpha_k_ = lambda x: 5**x
",100000000.0,0.0,1000.0
30,1000,0.001,HalfGood,Environment_Gaussian,SEE_recycle,1.0,"[0.65 0.65 0.65 0.65 0.65 0.65 0.65 0.65 0.65 0.65 0.65 0.65 0.65 0.65
 0.65 0.5  0.5  0.5  0.5  0.5  0.5  0.5  0.5  0.5  0.5  0.5  0.5  0.5
 0.5  0.5 ]",6102.461,78.4872102095558,"delta_k_ = lambda x: 1 / 3**x
","beta_k_ = lambda x: 2**x / 4
","alpha_k_ = lambda x: 5**x
",100000000.0,0.0,1000.0
30,1000,0.0001,Linear,Environment_Gaussian,SEE_recycle,1.0,"[0.35       0.36034483 0.37068966 0.38103448 0.39137931 0.40172414
 0.41206897 0.42241379 0.43275862 0.44310345 0.45344828 0.4637931
 0.47413793 0.48448276 0.49482759 0.50517241 0.51551724 0.52586207
 0.5362069  0.54655172 0.55689655 0.56724138 0.57758621 0.58793103
 0.59827586 0.60862069 0.61896552 0.62931034 0.63965517 0.65      ]",9287.198,116.16232359416713,"delta_k_ = lambda x: 1 / 3**x
","beta_k_ = lambda x: 2**x / 4
","alpha_k_ = lambda x: 5**x
",100000000.0,0.0,1000.0
30,1000,0.0001,Unique_Qualified,Environment_Gaussian,SEE_recycle,1.0,"[0.5  0.5  0.5  0.5  0.5  0.5  0.5  0.5  0.5  0.5  0.5  0.5  0.5  0.5
 0.5  0.5  0.5  0.5  0.5  0.5  0.5  0.5  0.5  0.5  0.5  0.5  0.5  0.5
 0.5  0.65]",11200.664,375.06844660822117,"delta_k_ = lambda x: 1 / 3**x
","beta_k_ = lambda x: 2**x / 4
","alpha_k_ = lambda x: 5**x
",100000000.0,0.0,1000.0
30,1000,0.0001,OneQuarter_Qualified,Environment_Gaussian,SEE_recycle,1.0,"[0.65 0.65 0.65 0.65 0.65 0.65 0.65 0.5  0.5  0.5  0.5  0.5  0.5  0.5
 0.5  0.5  0.5  0.5  0.5  0.5  0.5  0.5  0.5  0.5  0.5  0.5  0.5  0.5
 0.5  0.5 ]",6930.216,99.8359461584053,"delta_k_ = lambda x: 1 / 3**x
","beta_k_ = lambda x: 2**x / 4
","alpha_k_ = lambda x: 5**x
",100000000.0,0.0,1000.0
30,1000,0.0001,AllWorse,Environment_Gaussian,SEE_recycle,1.0,"[0.25 0.25 0.25 0.25 0.25 0.25 0.25 0.25 0.25 0.25 0.25 0.25 0.25 0.25
 0.25 0.25 0.25 0.25 0.25 0.25 0.25 0.25 0.25 0.25 0.25 0.25 0.25 0.25
 0.25 0.25]",22409.442,42.443482946572615,"delta_k_ = lambda x: 1 / 3**x
","beta_k_ = lambda x: 2**x / 4
","alpha_k_ = lambda x: 5**x
",100000000.0,0.0,1000.0
30,1000,0.0001,AllGood,Environment_Gaussian,SEE_recycle,1.0,"[0.65 0.65 0.65 0.65 0.65 0.65 0.65 0.65 0.65 0.65 0.65 0.65 0.65 0.65
 0.65 0.65 0.65 0.65 0.65 0.65 0.65 0.65 0.65 0.65 0.65 0.65 0.65 0.65
 0.65 0.65]",5720.525,75.93936322734739,"delta_k_ = lambda x: 1 / 3**x
","beta_k_ = lambda x: 2**x / 4
","alpha_k_ = lambda x: 5**x
",100000000.0,0.0,1000.0
30,1000,0.0001,HalfGood,Environment_Gaussian,SEE_recycle,1.0,"[0.65 0.65 0.65 0.65 0.65 0.65 0.65 0.65 0.65 0.65 0.65 0.65 0.65 0.65
 0.65 0.5  0.5  0.5  0.5  0.5  0.5  0.5  0.5  0.5  0.5  0.5  0.5  0.5
 0.5  0.5 ]",6366.517,81.51478155347655,"delta_k_ = lambda x: 1 / 3**x
","beta_k_ = lambda x: 2**x / 4
","alpha_k_ = lambda x: 5**x
",100000000.0,0.0,1000.0
20,1000,0.001,Linear,Environment_Gaussian,SEE_recycle,1.0,"[0.35       0.36578947 0.38157895 0.39736842 0.41315789 0.42894737
 0.44473684 0.46052632 0.47631579 0.49210526 0.50789474 0.52368421
 0.53947368 0.55526316 0.57105263 0.58684211 0.60263158 0.61842105
 0.63421053 0.65      ]",7143.373,89.12121264811762,"delta_k_ = lambda x: 1 / 3**x
","beta_k_ = lambda x: 2**x / 4
","alpha_k_ = lambda x: 5**x
",100000000.0,0.0,1000.0
20,1000,0.001,Unique_Qualified,Environment_Gaussian,SEE_recycle,1.0,"[0.5  0.5  0.5  0.5  0.5  0.5  0.5  0.5  0.5  0.5  0.5  0.5  0.5  0.5
 0.5  0.5  0.5  0.5  0.5  0.65]",7570.756,104.01142802819312,"delta_k_ = lambda x: 1 / 3**x
","beta_k_ = lambda x: 2**x / 4
","alpha_k_ = lambda x: 5**x
",100000000.0,0.0,1000.0
20,1000,0.001,OneQuarter_Qualified,Environment_Gaussian,SEE_recycle,1.0,"[0.65 0.65 0.65 0.65 0.65 0.5  0.5  0.5  0.5  0.5  0.5  0.5  0.5  0.5
 0.5  0.5  0.5  0.5  0.5  0.5 ]",5403.622,64.19326227195499,"delta_k_ = lambda x: 1 / 3**x
","beta_k_ = lambda x: 2**x / 4
","alpha_k_ = lambda x: 5**x
",100000000.0,0.0,1000.0
20,1000,0.001,AllWorse,Environment_Gaussian,SEE_recycle,1.0,"[0.25 0.25 0.25 0.25 0.25 0.25 0.25 0.25 0.25 0.25 0.25 0.25 0.25 0.25
 0.25 0.25 0.25 0.25 0.25 0.25]",12926.523,33.98227154666092,"delta_k_ = lambda x: 1 / 3**x
","beta_k_ = lambda x: 2**x / 4
","alpha_k_ = lambda x: 5**x
",100000000.0,0.0,1000.0
20,1000,0.001,AllGood,Environment_Gaussian,SEE_recycle,1.0,"[0.65 0.65 0.65 0.65 0.65 0.65 0.65 0.65 0.65 0.65 0.65 0.65 0.65 0.65
 0.65 0.65 0.65 0.65 0.65 0.65]",4606.911,57.840649262253265,"delta_k_ = lambda x: 1 / 3**x
","beta_k_ = lambda x: 2**x / 4
","alpha_k_ = lambda x: 5**x
",100000000.0,0.0,1000.0
20,1000,0.001,HalfGood,Environment_Gaussian,SEE_recycle,1.0,"[0.65 0.65 0.65 0.65 0.65 0.65 0.65 0.65 0.65 0.65 0.5  0.5  0.5  0.5
 0.5  0.5  0.5  0.5  0.5  0.5 ]",4986.125,64.87810308089317,"delta_k_ = lambda x: 1 / 3**x
","beta_k_ = lambda x: 2**x / 4
","alpha_k_ = lambda x: 5**x
",100000000.0,0.0,1000.0
20,1000,0.0001,Linear,Environment_Gaussian,SEE_recycle,1.0,"[0.35       0.36578947 0.38157895 0.39736842 0.41315789 0.42894737
 0.44473684 0.46052632 0.47631579 0.49210526 0.50789474 0.52368421
 0.53947368 0.55526316 0.57105263 0.58684211 0.60263158 0.61842105
 0.63421053 0.65      ]",7509.277,96.59017683114055,"delta_k_ = lambda x: 1 / 3**x
","beta_k_ = lambda x: 2**x / 4
","alpha_k_ = lambda x: 5**x
",100000000.0,0.0,1000.0
20,1000,0.0001,Unique_Qualified,Environment_Gaussian,SEE_recycle,1.0,"[0.5  0.5  0.5  0.5  0.5  0.5  0.5  0.5  0.5  0.5  0.5  0.5  0.5  0.5
 0.5  0.5  0.5  0.5  0.5  0.65]",7790.773,95.0669041331998,"delta_k_ = lambda x: 1 / 3**x
","beta_k_ = lambda x: 2**x / 4
","alpha_k_ = lambda x: 5**x
",100000000.0,0.0,1000.0
20,1000,0.0001,OneQuarter_Qualified,Environment_Gaussian,SEE_recycle,1.0,"[0.65 0.65 0.65 0.65 0.65 0.5  0.5  0.5  0.5  0.5  0.5  0.5  0.5  0.5
 0.5  0.5  0.5  0.5  0.5  0.5 ]",5692.989,75.66737457371572,"delta_k_ = lambda x: 1 / 3**x
","beta_k_ = lambda x: 2**x / 4
","alpha_k_ = lambda x: 5**x
",100000000.0,0.0,1000.0
20,1000,0.0001,AllWorse,Environment_Gaussian,SEE_recycle,1.0,"[0.25 0.25 0.25 0.25 0.25 0.25 0.25 0.25 0.25 0.25 0.25 0.25 0.25 0.25
 0.25 0.25 0.25 0.25 0.25 0.25]",14649.094,36.40270277278872,"delta_k_ = lambda x: 1 / 3**x
","beta_k_ = lambda x: 2**x / 4
","alpha_k_ = lambda x: 5**x
",100000000.0,0.0,1000.0
20,1000,0.0001,AllGood,Environment_Gaussian,SEE_recycle,1.0,"[0.65 0.65 0.65 0.65 0.65 0.65 0.65 0.65 0.65 0.65 0.65 0.65 0.65 0.65
 0.65 0.65 0.65 0.65 0.65 0.65]",4860.093,58.46812614023986,"delta_k_ = lambda x: 1 / 3**x
","beta_k_ = lambda x: 2**x / 4
","alpha_k_ = lambda x: 5**x
",100000000.0,0.0,1000.0
20,1000,0.0001,HalfGood,Environment_Gaussian,SEE_recycle,1.0,"[0.65 0.65 0.65 0.65 0.65 0.65 0.65 0.65 0.65 0.65 0.5  0.5  0.5  0.5
 0.5  0.5  0.5  0.5  0.5  0.5 ]",5249.559,71.99781148423193,"delta_k_ = lambda x: 1 / 3**x
","beta_k_ = lambda x: 2**x / 4
","alpha_k_ = lambda x: 5**x
",100000000.0,0.0,1000.0
200,1000,0.001,Linear,Environment_Gaussian,SEE_recycle,1.0,"[0.35       0.35150754 0.35301508 0.35452261 0.35603015 0.35753769
 0.35904523 0.36055276 0.3620603  0.36356784 0.36507538 0.36658291
 0.36809045 0.36959799 0.37110553 0.37261307 0.3741206  0.37562814
 0.37713568 0.37864322 0.38015075 0.38165829 0.38316583 0.38467337
 0.3861809  0.38768844 0.38919598 0.39070352 0.39221106 0.39371859
 0.39522613 0.39673367 0.39824121 0.39974874 0.40125628 0.40276382
 0.40427136 0.40577889 0.40728643 0.40879397 0.41030151 0.41180905
 0.41331658 0.41482412 0.41633166 0.4178392  0.41934673 0.42085427
 0.42236181 0.42386935 0.42537688 0.42688442 0.42839196 0.4298995
 0.43140704 0.43291457 0.43442211 0.43592965 0.43743719 0.43894472
 0.44045226 0.4419598  0.44346734 0.44497487 0.44648241 0.44798995
 0.44949749 0.45100503 0.45251256 0.4540201  0.45552764 0.45703518
 0.45854271 0.46005025 0.46155779 0.46306533 0.46457286 0.4660804
 0.46758794 0.46909548 0.47060302 0.47211055 0.47361809 0.47512563
 0.47663317 0.4781407  0.47964824 0.48115578 0.48266332 0.48417085
 0.48567839 0.48718593 0.48869347 0.49020101 0.49170854 0.49321608
 0.49472362 0.49623116 0.49773869 0.49924623 0.50075377 0.50226131
 0.50376884 0.50527638 0.50678392 0.50829146 0.50979899 0.51130653
 0.51281407 0.51432161 0.51582915 0.51733668 0.51884422 0.52035176
 0.5218593  0.52336683 0.52487437 0.52638191 0.52788945 0.52939698
 0.53090452 0.53241206 0.5339196  0.53542714 0.53693467 0.53844221
 0.53994975 0.54145729 0.54296482 0.54447236 0.5459799  0.54748744
 0.54899497 0.55050251 0.55201005 0.55351759 0.55502513 0.55653266
 0.5580402  0.55954774 0.56105528 0.56256281 0.56407035 0.56557789
 0.56708543 0.56859296 0.5701005  0.57160804 0.57311558 0.57462312
 0.57613065 0.57763819 0.57914573 0.58065327 0.5821608  0.58366834
 0.58517588 0.58668342 0.58819095 0.58969849 0.59120603 0.59271357
 0.59422111 0.59572864 0.59723618 0.59874372 0.60025126 0.60175879
 0.60326633 0.60477387 0.60628141 0.60778894 0.60929648 0.61080402
 0.61231156 0.6138191  0.61532663 0.61683417 0.61834171 0.61984925
 0.62135678 0.62286432 0.62437186 0.6258794  0.62738693 0.62889447
 0.63040201 0.63190955 0.63341709 0.63492462 0.63643216 0.6379397
 0.63944724 0.64095477 0.64246231 0.64396985 0.64547739 0.64698492
 0.64849246 0.65      ]",31947.553,378.69298729867046,"delta_k_ = lambda x: 1 / 3**x
","beta_k_ = lambda x: 2**x / 4
","alpha_k_ = lambda x: 5**x
",100000000.0,0.0,1000.0
200,1000,0.001,Unique_Qualified,Environment_Gaussian,SEE_recycle,1.0,"[0.5  0.5  0.5  0.5  0.5  0.5  0.5  0.5  0.5  0.5  0.5  0.5  0.5  0.5
 0.5  0.5  0.5  0.5  0.5  0.5  0.5  0.5  0.5  0.5  0.5  0.5  0.5  0.5
 0.5  0.5  0.5  0.5  0.5  0.5  0.5  0.5  0.5  0.5  0.5  0.5  0.5  0.5
 0.5  0.5  0.5  0.5  0.5  0.5  0.5  0.5  0.5  0.5  0.5  0.5  0.5  0.5
 0.5  0.5  0.5  0.5  0.5  0.5  0.5  0.5  0.5  0.5  0.5  0.5  0.5  0.5
 0.5  0.5  0.5  0.5  0.5  0.5  0.5  0.5  0.5  0.5  0.5  0.5  0.5  0.5
 0.5  0.5  0.5  0.5  0.5  0.5  0.5  0.5  0.5  0.5  0.5  0.5  0.5  0.5
 0.5  0.5  0.5  0.5  0.5  0.5  0.5  0.5  0.5  0.5  0.5  0.5  0.5  0.5
 0.5  0.5  0.5  0.5  0.5  0.5  0.5  0.5  0.5  0.5  0.5  0.5  0.5  0.5
 0.5  0.5  0.5  0.5  0.5  0.5  0.5  0.5  0.5  0.5  0.5  0.5  0.5  0.5
 0.5  0.5  0.5  0.5  0.5  0.5  0.5  0.5  0.5  0.5  0.5  0.5  0.5  0.5
 0.5  0.5  0.5  0.5  0.5  0.5  0.5  0.5  0.5  0.5  0.5  0.5  0.5  0.5
 0.5  0.5  0.5  0.5  0.5  0.5  0.5  0.5  0.5  0.5  0.5  0.5  0.5  0.5
 0.5  0.5  0.5  0.5  0.5  0.5  0.5  0.5  0.5  0.5  0.5  0.5  0.5  0.5
 0.5  0.5  0.5  0.65]",64729.286,826.9948402004719,"delta_k_ = lambda x: 1 / 3**x
","beta_k_ = lambda x: 2**x / 4
","alpha_k_ = lambda x: 5**x
",100000000.0,0.0,1000.0
200,1000,0.001,OneQuarter_Qualified,Environment_Gaussian,SEE_recycle,1.0,"[0.65 0.65 0.65 0.65 0.65 0.65 0.65 0.65 0.65 0.65 0.65 0.65 0.65 0.65
 0.65 0.65 0.65 0.65 0.65 0.65 0.65 0.65 0.65 0.65 0.65 0.65 0.65 0.65
 0.65 0.65 0.65 0.65 0.65 0.65 0.65 0.65 0.65 0.65 0.65 0.65 0.65 0.65
 0.65 0.65 0.65 0.65 0.65 0.65 0.65 0.65 0.5  0.5  0.5  0.5  0.5  0.5
 0.5  0.5  0.5  0.5  0.5  0.5  0.5  0.5  0.5  0.5  0.5  0.5  0.5  0.5
 0.5  0.5  0.5  0.5  0.5  0.5  0.5  0.5  0.5  0.5  0.5  0.5  0.5  0.5
 0.5  0.5  0.5  0.5  0.5  0.5  0.5  0.5  0.5  0.5  0.5  0.5  0.5  0.5
 0.5  0.5  0.5  0.5  0.5  0.5  0.5  0.5  0.5  0.5  0.5  0.5  0.5  0.5
 0.5  0.5  0.5  0.5  0.5  0.5  0.5  0.5  0.5  0.5  0.5  0.5  0.5  0.5
 0.5  0.5  0.5  0.5  0.5  0.5  0.5  0.5  0.5  0.5  0.5  0.5  0.5  0.5
 0.5  0.5  0.5  0.5  0.5  0.5  0.5  0.5  0.5  0.5  0.5  0.5  0.5  0.5
 0.5  0.5  0.5  0.5  0.5  0.5  0.5  0.5  0.5  0.5  0.5  0.5  0.5  0.5
 0.5  0.5  0.5  0.5  0.5  0.5  0.5  0.5  0.5  0.5  0.5  0.5  0.5  0.5
 0.5  0.5  0.5  0.5  0.5  0.5  0.5  0.5  0.5  0.5  0.5  0.5  0.5  0.5
 0.5  0.5  0.5  0.5 ]",22713.479,285.4671414568742,"delta_k_ = lambda x: 1 / 3**x
","beta_k_ = lambda x: 2**x / 4
","alpha_k_ = lambda x: 5**x
",100000000.0,0.0,1000.0
200,1000,0.001,AllWorse,Environment_Gaussian,SEE_recycle,1.0,"[0.25 0.25 0.25 0.25 0.25 0.25 0.25 0.25 0.25 0.25 0.25 0.25 0.25 0.25
 0.25 0.25 0.25 0.25 0.25 0.25 0.25 0.25 0.25 0.25 0.25 0.25 0.25 0.25
 0.25 0.25 0.25 0.25 0.25 0.25 0.25 0.25 0.25 0.25 0.25 0.25 0.25 0.25
 0.25 0.25 0.25 0.25 0.25 0.25 0.25 0.25 0.25 0.25 0.25 0.25 0.25 0.25
 0.25 0.25 0.25 0.25 0.25 0.25 0.25 0.25 0.25 0.25 0.25 0.25 0.25 0.25
 0.25 0.25 0.25 0.25 0.25 0.25 0.25 0.25 0.25 0.25 0.25 0.25 0.25 0.25
 0.25 0.25 0.25 0.25 0.25 0.25 0.25 0.25 0.25 0.25 0.25 0.25 0.25 0.25
 0.25 0.25 0.25 0.25 0.25 0.25 0.25 0.25 0.25 0.25 0.25 0.25 0.25 0.25
 0.25 0.25 0.25 0.25 0.25 0.25 0.25 0.25 0.25 0.25 0.25 0.25 0.25 0.25
 0.25 0.25 0.25 0.25 0.25 0.25 0.25 0.25 0.25 0.25 0.25 0.25 0.25 0.25
 0.25 0.25 0.25 0.25 0.25 0.25 0.25 0.25 0.25 0.25 0.25 0.25 0.25 0.25
 0.25 0.25 0.25 0.25 0.25 0.25 0.25 0.25 0.25 0.25 0.25 0.25 0.25 0.25
 0.25 0.25 0.25 0.25 0.25 0.25 0.25 0.25 0.25 0.25 0.25 0.25 0.25 0.25
 0.25 0.25 0.25 0.25 0.25 0.25 0.25 0.25 0.25 0.25 0.25 0.25 0.25 0.25
 0.25 0.25 0.25 0.25]",146704.098,104.11037052280622,"delta_k_ = lambda x: 1 / 3**x
","beta_k_ = lambda x: 2**x / 4
","alpha_k_ = lambda x: 5**x
",100000000.0,0.0,1000.0
200,1000,0.001,AllGood,Environment_Gaussian,SEE_recycle,1.0,"[0.65 0.65 0.65 0.65 0.65 0.65 0.65 0.65 0.65 0.65 0.65 0.65 0.65 0.65
 0.65 0.65 0.65 0.65 0.65 0.65 0.65 0.65 0.65 0.65 0.65 0.65 0.65 0.65
 0.65 0.65 0.65 0.65 0.65 0.65 0.65 0.65 0.65 0.65 0.65 0.65 0.65 0.65
 0.65 0.65 0.65 0.65 0.65 0.65 0.65 0.65 0.65 0.65 0.65 0.65 0.65 0.65
 0.65 0.65 0.65 0.65 0.65 0.65 0.65 0.65 0.65 0.65 0.65 0.65 0.65 0.65
 0.65 0.65 0.65 0.65 0.65 0.65 0.65 0.65 0.65 0.65 0.65 0.65 0.65 0.65
 0.65 0.65 0.65 0.65 0.65 0.65 0.65 0.65 0.65 0.65 0.65 0.65 0.65 0.65
 0.65 0.65 0.65 0.65 0.65 0.65 0.65 0.65 0.65 0.65 0.65 0.65 0.65 0.65
 0.65 0.65 0.65 0.65 0.65 0.65 0.65 0.65 0.65 0.65 0.65 0.65 0.65 0.65
 0.65 0.65 0.65 0.65 0.65 0.65 0.65 0.65 0.65 0.65 0.65 0.65 0.65 0.65
 0.65 0.65 0.65 0.65 0.65 0.65 0.65 0.65 0.65 0.65 0.65 0.65 0.65 0.65
 0.65 0.65 0.65 0.65 0.65 0.65 0.65 0.65 0.65 0.65 0.65 0.65 0.65 0.65
 0.65 0.65 0.65 0.65 0.65 0.65 0.65 0.65 0.65 0.65 0.65 0.65 0.65 0.65
 0.65 0.65 0.65 0.65 0.65 0.65 0.65 0.65 0.65 0.65 0.65 0.65 0.65 0.65
 0.65 0.65 0.65 0.65]",18980.497,301.32178457255793,"delta_k_ = lambda x: 1 / 3**x
","beta_k_ = lambda x: 2**x / 4
","alpha_k_ = lambda x: 5**x
",100000000.0,0.0,1000.0
200,1000,0.001,HalfGood,Environment_Gaussian,SEE_recycle,1.0,"[0.65 0.65 0.65 0.65 0.65 0.65 0.65 0.65 0.65 0.65 0.65 0.65 0.65 0.65
 0.65 0.65 0.65 0.65 0.65 0.65 0.65 0.65 0.65 0.65 0.65 0.65 0.65 0.65
 0.65 0.65 0.65 0.65 0.65 0.65 0.65 0.65 0.65 0.65 0.65 0.65 0.65 0.65
 0.65 0.65 0.65 0.65 0.65 0.65 0.65 0.65 0.65 0.65 0.65 0.65 0.65 0.65
 0.65 0.65 0.65 0.65 0.65 0.65 0.65 0.65 0.65 0.65 0.65 0.65 0.65 0.65
 0.65 0.65 0.65 0.65 0.65 0.65 0.65 0.65 0.65 0.65 0.65 0.65 0.65 0.65
 0.65 0.65 0.65 0.65 0.65 0.65 0.65 0.65 0.65 0.65 0.65 0.65 0.65 0.65
 0.65 0.65 0.5  0.5  0.5  0.5  0.5  0.5  0.5  0.5  0.5  0.5  0.5  0.5
 0.5  0.5  0.5  0.5  0.5  0.5  0.5  0.5  0.5  0.5  0.5  0.5  0.5  0.5
 0.5  0.5  0.5  0.5  0.5  0.5  0.5  0.5  0.5  0.5  0.5  0.5  0.5  0.5
 0.5  0.5  0.5  0.5  0.5  0.5  0.5  0.5  0.5  0.5  0.5  0.5  0.5  0.5
 0.5  0.5  0.5  0.5  0.5  0.5  0.5  0.5  0.5  0.5  0.5  0.5  0.5  0.5
 0.5  0.5  0.5  0.5  0.5  0.5  0.5  0.5  0.5  0.5  0.5  0.5  0.5  0.5
 0.5  0.5  0.5  0.5  0.5  0.5  0.5  0.5  0.5  0.5  0.5  0.5  0.5  0.5
 0.5  0.5  0.5  0.5 ]",20958.15,293.6891462099,"delta_k_ = lambda x: 1 / 3**x
","beta_k_ = lambda x: 2**x / 4
","alpha_k_ = lambda x: 5**x
",100000000.0,0.0,1000.0
200,1000,0.0001,Linear,Environment_Gaussian,SEE_recycle,1.0,"[0.35       0.35150754 0.35301508 0.35452261 0.35603015 0.35753769
 0.35904523 0.36055276 0.3620603  0.36356784 0.36507538 0.36658291
 0.36809045 0.36959799 0.37110553 0.37261307 0.3741206  0.37562814
 0.37713568 0.37864322 0.38015075 0.38165829 0.38316583 0.38467337
 0.3861809  0.38768844 0.38919598 0.39070352 0.39221106 0.39371859
 0.39522613 0.39673367 0.39824121 0.39974874 0.40125628 0.40276382
 0.40427136 0.40577889 0.40728643 0.40879397 0.41030151 0.41180905
 0.41331658 0.41482412 0.41633166 0.4178392  0.41934673 0.42085427
 0.42236181 0.42386935 0.42537688 0.42688442 0.42839196 0.4298995
 0.43140704 0.43291457 0.43442211 0.43592965 0.43743719 0.43894472
 0.44045226 0.4419598  0.44346734 0.44497487 0.44648241 0.44798995
 0.44949749 0.45100503 0.45251256 0.4540201  0.45552764 0.45703518
 0.45854271 0.46005025 0.46155779 0.46306533 0.46457286 0.4660804
 0.46758794 0.46909548 0.47060302 0.47211055 0.47361809 0.47512563
 0.47663317 0.4781407  0.47964824 0.48115578 0.48266332 0.48417085
 0.48567839 0.48718593 0.48869347 0.49020101 0.49170854 0.49321608
 0.49472362 0.49623116 0.49773869 0.49924623 0.50075377 0.50226131
 0.50376884 0.50527638 0.50678392 0.50829146 0.50979899 0.51130653
 0.51281407 0.51432161 0.51582915 0.51733668 0.51884422 0.52035176
 0.5218593  0.52336683 0.52487437 0.52638191 0.52788945 0.52939698
 0.53090452 0.53241206 0.5339196  0.53542714 0.53693467 0.53844221
 0.53994975 0.54145729 0.54296482 0.54447236 0.5459799  0.54748744
 0.54899497 0.55050251 0.55201005 0.55351759 0.55502513 0.55653266
 0.5580402  0.55954774 0.56105528 0.56256281 0.56407035 0.56557789
 0.56708543 0.56859296 0.5701005  0.57160804 0.57311558 0.57462312
 0.57613065 0.57763819 0.57914573 0.58065327 0.5821608  0.58366834
 0.58517588 0.58668342 0.58819095 0.58969849 0.59120603 0.59271357
 0.59422111 0.59572864 0.59723618 0.59874372 0.60025126 0.60175879
 0.60326633 0.60477387 0.60628141 0.60778894 0.60929648 0.61080402
 0.61231156 0.6138191  0.61532663 0.61683417 0.61834171 0.61984925
 0.62135678 0.62286432 0.62437186 0.6258794  0.62738693 0.62889447
 0.63040201 0.63190955 0.63341709 0.63492462 0.63643216 0.6379397
 0.63944724 0.64095477 0.64246231 0.64396985 0.64547739 0.64698492
 0.64849246 0.65      ]",32309.801,378.3273467585961,"delta_k_ = lambda x: 1 / 3**x
","beta_k_ = lambda x: 2**x / 4
","alpha_k_ = lambda x: 5**x
",100000000.0,0.0,1000.0
200,1000,0.0001,Unique_Qualified,Environment_Gaussian,SEE_recycle,1.0,"[0.5  0.5  0.5  0.5  0.5  0.5  0.5  0.5  0.5  0.5  0.5  0.5  0.5  0.5
 0.5  0.5  0.5  0.5  0.5  0.5  0.5  0.5  0.5  0.5  0.5  0.5  0.5  0.5
 0.5  0.5  0.5  0.5  0.5  0.5  0.5  0.5  0.5  0.5  0.5  0.5  0.5  0.5
 0.5  0.5  0.5  0.5  0.5  0.5  0.5  0.5  0.5  0.5  0.5  0.5  0.5  0.5
 0.5  0.5  0.5  0.5  0.5  0.5  0.5  0.5  0.5  0.5  0.5  0.5  0.5  0.5
 0.5  0.5  0.5  0.5  0.5  0.5  0.5  0.5  0.5  0.5  0.5  0.5  0.5  0.5
 0.5  0.5  0.5  0.5  0.5  0.5  0.5  0.5  0.5  0.5  0.5  0.5  0.5  0.5
 0.5  0.5  0.5  0.5  0.5  0.5  0.5  0.5  0.5  0.5  0.5  0.5  0.5  0.5
 0.5  0.5  0.5  0.5  0.5  0.5  0.5  0.5  0.5  0.5  0.5  0.5  0.5  0.5
 0.5  0.5  0.5  0.5  0.5  0.5  0.5  0.5  0.5  0.5  0.5  0.5  0.5  0.5
 0.5  0.5  0.5  0.5  0.5  0.5  0.5  0.5  0.5  0.5  0.5  0.5  0.5  0.5
 0.5  0.5  0.5  0.5  0.5  0.5  0.5  0.5  0.5  0.5  0.5  0.5  0.5  0.5
 0.5  0.5  0.5  0.5  0.5  0.5  0.5  0.5  0.5  0.5  0.5  0.5  0.5  0.5
 0.5  0.5  0.5  0.5  0.5  0.5  0.5  0.5  0.5  0.5  0.5  0.5  0.5  0.5
 0.5  0.5  0.5  0.65]",64960.925,824.4452228458692,"delta_k_ = lambda x: 1 / 3**x
","beta_k_ = lambda x: 2**x / 4
","alpha_k_ = lambda x: 5**x
",100000000.0,0.0,1000.0
200,1000,0.0001,OneQuarter_Qualified,Environment_Gaussian,SEE_recycle,1.0,"[0.65 0.65 0.65 0.65 0.65 0.65 0.65 0.65 0.65 0.65 0.65 0.65 0.65 0.65
 0.65 0.65 0.65 0.65 0.65 0.65 0.65 0.65 0.65 0.65 0.65 0.65 0.65 0.65
 0.65 0.65 0.65 0.65 0.65 0.65 0.65 0.65 0.65 0.65 0.65 0.65 0.65 0.65
 0.65 0.65 0.65 0.65 0.65 0.65 0.65 0.65 0.5  0.5  0.5  0.5  0.5  0.5
 0.5  0.5  0.5  0.5  0.5  0.5  0.5  0.5  0.5  0.5  0.5  0.5  0.5  0.5
 0.5  0.5  0.5  0.5  0.5  0.5  0.5  0.5  0.5  0.5  0.5  0.5  0.5  0.5
 0.5  0.5  0.5  0.5  0.5  0.5  0.5  0.5  0.5  0.5  0.5  0.5  0.5  0.5
 0.5  0.5  0.5  0.5  0.5  0.5  0.5  0.5  0.5  0.5  0.5  0.5  0.5  0.5
 0.5  0.5  0.5  0.5  0.5  0.5  0.5  0.5  0.5  0.5  0.5  0.5  0.5  0.5
 0.5  0.5  0.5  0.5  0.5  0.5  0.5  0.5  0.5  0.5  0.5  0.5  0.5  0.5
 0.5  0.5  0.5  0.5  0.5  0.5  0.5  0.5  0.5  0.5  0.5  0.5  0.5  0.5
 0.5  0.5  0.5  0.5  0.5  0.5  0.5  0.5  0.5  0.5  0.5  0.5  0.5  0.5
 0.5  0.5  0.5  0.5  0.5  0.5  0.5  0.5  0.5  0.5  0.5  0.5  0.5  0.5
 0.5  0.5  0.5  0.5  0.5  0.5  0.5  0.5  0.5  0.5  0.5  0.5  0.5  0.5
 0.5  0.5  0.5  0.5 ]",23019.463,287.6901101647935,"delta_k_ = lambda x: 1 / 3**x
","beta_k_ = lambda x: 2**x / 4
","alpha_k_ = lambda x: 5**x
",100000000.0,0.0,1000.0
200,1000,0.0001,AllWorse,Environment_Gaussian,SEE_recycle,1.0,"[0.25 0.25 0.25 0.25 0.25 0.25 0.25 0.25 0.25 0.25 0.25 0.25 0.25 0.25
 0.25 0.25 0.25 0.25 0.25 0.25 0.25 0.25 0.25 0.25 0.25 0.25 0.25 0.25
 0.25 0.25 0.25 0.25 0.25 0.25 0.25 0.25 0.25 0.25 0.25 0.25 0.25 0.25
 0.25 0.25 0.25 0.25 0.25 0.25 0.25 0.25 0.25 0.25 0.25 0.25 0.25 0.25
 0.25 0.25 0.25 0.25 0.25 0.25 0.25 0.25 0.25 0.25 0.25 0.25 0.25 0.25
 0.25 0.25 0.25 0.25 0.25 0.25 0.25 0.25 0.25 0.25 0.25 0.25 0.25 0.25
 0.25 0.25 0.25 0.25 0.25 0.25 0.25 0.25 0.25 0.25 0.25 0.25 0.25 0.25
 0.25 0.25 0.25 0.25 0.25 0.25 0.25 0.25 0.25 0.25 0.25 0.25 0.25 0.25
 0.25 0.25 0.25 0.25 0.25 0.25 0.25 0.25 0.25 0.25 0.25 0.25 0.25 0.25
 0.25 0.25 0.25 0.25 0.25 0.25 0.25 0.25 0.25 0.25 0.25 0.25 0.25 0.25
 0.25 0.25 0.25 0.25 0.25 0.25 0.25 0.25 0.25 0.25 0.25 0.25 0.25 0.25
 0.25 0.25 0.25 0.25 0.25 0.25 0.25 0.25 0.25 0.25 0.25 0.25 0.25 0.25
 0.25 0.25 0.25 0.25 0.25 0.25 0.25 0.25 0.25 0.25 0.25 0.25 0.25 0.25
 0.25 0.25 0.25 0.25 0.25 0.25 0.25 0.25 0.25 0.25 0.25 0.25 0.25 0.25
 0.25 0.25 0.25 0.25]",163305.925,109.92414967319512,"delta_k_ = lambda x: 1 / 3**x
","beta_k_ = lambda x: 2**x / 4
","alpha_k_ = lambda x: 5**x
",100000000.0,0.0,1000.0
200,1000,0.0001,AllGood,Environment_Gaussian,SEE_recycle,1.0,"[0.65 0.65 0.65 0.65 0.65 0.65 0.65 0.65 0.65 0.65 0.65 0.65 0.65 0.65
 0.65 0.65 0.65 0.65 0.65 0.65 0.65 0.65 0.65 0.65 0.65 0.65 0.65 0.65
 0.65 0.65 0.65 0.65 0.65 0.65 0.65 0.65 0.65 0.65 0.65 0.65 0.65 0.65
 0.65 0.65 0.65 0.65 0.65 0.65 0.65 0.65 0.65 0.65 0.65 0.65 0.65 0.65
 0.65 0.65 0.65 0.65 0.65 0.65 0.65 0.65 0.65 0.65 0.65 0.65 0.65 0.65
 0.65 0.65 0.65 0.65 0.65 0.65 0.65 0.65 0.65 0.65 0.65 0.65 0.65 0.65
 0.65 0.65 0.65 0.65 0.65 0.65 0.65 0.65 0.65 0.65 0.65 0.65 0.65 0.65
 0.65 0.65 0.65 0.65 0.65 0.65 0.65 0.65 0.65 0.65 0.65 0.65 0.65 0.65
 0.65 0.65 0.65 0.65 0.65 0.65 0.65 0.65 0.65 0.65 0.65 0.65 0.65 0.65
 0.65 0.65 0.65 0.65 0.65 0.65 0.65 0.65 0.65 0.65 0.65 0.65 0.65 0.65
 0.65 0.65 0.65 0.65 0.65 0.65 0.65 0.65 0.65 0.65 0.65 0.65 0.65 0.65
 0.65 0.65 0.65 0.65 0.65 0.65 0.65 0.65 0.65 0.65 0.65 0.65 0.65 0.65
 0.65 0.65 0.65 0.65 0.65 0.65 0.65 0.65 0.65 0.65 0.65 0.65 0.65 0.65
 0.65 0.65 0.65 0.65 0.65 0.65 0.65 0.65 0.65 0.65 0.65 0.65 0.65 0.65
 0.65 0.65 0.65 0.65]",19227.357,301.535709542918,"delta_k_ = lambda x: 1 / 3**x
","beta_k_ = lambda x: 2**x / 4
","alpha_k_ = lambda x: 5**x
",100000000.0,0.0,1000.0
200,1000,0.0001,HalfGood,Environment_Gaussian,SEE_recycle,1.0,"[0.65 0.65 0.65 0.65 0.65 0.65 0.65 0.65 0.65 0.65 0.65 0.65 0.65 0.65
 0.65 0.65 0.65 0.65 0.65 0.65 0.65 0.65 0.65 0.65 0.65 0.65 0.65 0.65
 0.65 0.65 0.65 0.65 0.65 0.65 0.65 0.65 0.65 0.65 0.65 0.65 0.65 0.65
 0.65 0.65 0.65 0.65 0.65 0.65 0.65 0.65 0.65 0.65 0.65 0.65 0.65 0.65
 0.65 0.65 0.65 0.65 0.65 0.65 0.65 0.65 0.65 0.65 0.65 0.65 0.65 0.65
 0.65 0.65 0.65 0.65 0.65 0.65 0.65 0.65 0.65 0.65 0.65 0.65 0.65 0.65
 0.65 0.65 0.65 0.65 0.65 0.65 0.65 0.65 0.65 0.65 0.65 0.65 0.65 0.65
 0.65 0.65 0.5  0.5  0.5  0.5  0.5  0.5  0.5  0.5  0.5  0.5  0.5  0.5
 0.5  0.5  0.5  0.5  0.5  0.5  0.5  0.5  0.5  0.5  0.5  0.5  0.5  0.5
 0.5  0.5  0.5  0.5  0.5  0.5  0.5  0.5  0.5  0.5  0.5  0.5  0.5  0.5
 0.5  0.5  0.5  0.5  0.5  0.5  0.5  0.5  0.5  0.5  0.5  0.5  0.5  0.5
 0.5  0.5  0.5  0.5  0.5  0.5  0.5  0.5  0.5  0.5  0.5  0.5  0.5  0.5
 0.5  0.5  0.5  0.5  0.5  0.5  0.5  0.5  0.5  0.5  0.5  0.5  0.5  0.5
 0.5  0.5  0.5  0.5  0.5  0.5  0.5  0.5  0.5  0.5  0.5  0.5  0.5  0.5
 0.5  0.5  0.5  0.5 ]",21281.194,294.8968024349603,"delta_k_ = lambda x: 1 / 3**x
","beta_k_ = lambda x: 2**x / 4
","alpha_k_ = lambda x: 5**x
",100000000.0,0.0,1000.0
